CaseId,CONSENT,Q1,Q2,Q3,Q3O,Q4,Q5,Q6,Q6O,INFRASTRUCTURE_A1,INFRASTRUCTURE_A2,INFRASTRUCTURE_A3,INFRASTRUCTURE_A4,INFRASTRUCTUREEXPLAIN,SERVICEABILITY_A1,SERVICEABILITY_A2,SERVICEABILITY_A3,SERVICEABILITY_A4,SERVICEABILITY_A5,SERVICEABILITY_A6,SERVICEABILITY_A7,SERVICEABILITY_A8,SERVICEABILITY_A9,SERVICEEXPLAIN,RESPONSIVENESS_A1,RESPONSIVENESS_A2,RESPONSIVENESS_A3,RESPONSIVENESS_A4,RESPONSIVENESS_A5,RESPONSIVEEXPLAIN,RAPPORT_A1,RAPPORT_A2,RAPPORT_A3,RAPPORT_A4,RAPPORT_A5,RAPPORTEXPLAIN,SAFETY_A1,SAFETY_A2,SAFETY_A3,SAFETY_A4,SAFETY_A5,SAFETYEXPLAIN,STUDENTFOCUS_A1,STUDENTFOCUS_A2,STUDENTFOCUS_A3,STUDENTFOCUS_A4,STUDENTFOCUS_A5,FOCUSEXPLAIN,CURRICULA_A1,CURRICULA_A2,CURRICULA_A3,CURRICULA_A4,CURRICULAEXPLAIN,INSTRUCTORS_A1,INSTRUCTORS_A2,INSTRUCTORS_A3,INSTRUCTORS_A4,INSTRUCTORS_A5,INSTRUCTORSEXPLAIN,COURSES_A1,COURSES_A2,COURSES_A3,COURSES_A4,COURSES_A5,COURSES_A6,COURSESEXPLAIN,SATISFACTION_A1,SATISFACTION_A2,SATISFACTION_A3,SATISFACTION_A5,SATISFACTION_A7,SATISFACTIONEXPLAIN,Infrastructure,serviceability,responsiveness,rapport,safety,studentfocus,curricula,instructor,course,satisfaction,service_culture,VAR00001
12,1,1,3,80, ,3,2,4, ,5.0,4.0,5.0,5.0,the infrastructure is just sufficient and easy to access,4.0,4.0,4.0,3.0,4.0,4.0,4.0,3.0, ,I believe that the workload of faculty members and them having several roles have made them unavailable at times when I need them.,2.0,4.0,4.0,5.0,2.0,I have many experiences in ehich faculty members did not provide response to my questions via email. Making an appointment with them is very difficult.,4.0,3.0,5.0,4.0,4.0,"As an international student, I believe that the the majority of the faculty members that I have encountered try to be friendly but they do not provide equal opportunities for me compared to domestic students.",4.0,4.0,4.0,2.0, ,"I believe that a major problem for international students is feeling of isolation. The university has some events and recreational activities but they are very limitted. Especially during spring and summer when mostly international students are around campus, the majority (almost all) the events and activities will stop.",5.0,4.0,3.0,4.0, ,"As an international student in the college of Education, I find it unfair that many departments offer funds and scholarships for their competent students but my department. those limitted funds offered by the university are mostly for permanent residents. Is Education an unimportant subject?",4.0,5.0,5.0,5.0,no comment,4.0,5.0,5.0,4.0,5.0,no comment,5.0,5.0,4.0,5.0, , ,no comment,4.0,4.0,4.0,3.0,3.0,no comment,4.75,3.857142857,3.4,4,3.5,4,4.75,4.6,4.75,3.6,4.178571429,80
13,1,1,3,85, ,3,2,4, ,5.0,5.0,4.0,5.0,N/A,4.0,4.0,4.0,4.0,3.0,3.0,5.0,3.0, ,N/A,5.0,3.0,4.0,4.0,4.0,N/A,4.0,4.0,5.0,5.0,4.0,N/A,5.0,4.0,3.0,3.0, ,N/A,5.0,4.0,3.0,3.0, ,N/A,3.0,3.0,3.0,3.0,N/A,4.0,5.0,4.0,3.0,4.0,N/A,4.0,5.0,3.0,3.0, , ,N/A,3.0,4.0,3.0,3.0,3.0,N/A,4.75,3.857142857,4,4.4,3.75,3.75,3,4,3.75,3.2,3.917460317,85
18,1,1,1,192, ,1,2,5, ,4.0,5.0,4.0,4.0,Everything is good,5.0,5.0,5.0,5.0,5.0,4.0,4.0,3.0, ,Everything is good,5.0,5.0,5.0,3.0,3.0,Nothing,4.0,4.0,5.0,5.0,5.0,Nothing,5.0,4.0,4.0,4.0, ,Nothing,5.0,4.0,4.0,5.0, ,Nothing,4.0,5.0,5.0,5.0,Nothing,4.0,4.0,4.0,4.0,5.0,Nothing,5.0,5.0,3.0,5.0, , ,Nothing,5.0,5.0,5.0,5.0,3.0,Nothing,4.25,4.714285714,4.2,4.6,4.25,4.5,4.75,4.2,4.5,4.6,4.44047619,192
24,1,1,2,37, ,3,3,4, ,4.0,5.0,5.0,5.0,"The learning area, especially the libraries always have helpful informations.",4.0,4.0,4.0,4.0,4.0,4.0,4.0,3.0, ,The career and employment center is really helpful when you are trying to look for jobs and revise your resume,4.0,4.0,4.0,4.0,4.0,They are always willing to help when I have problems or questions,3.0,4.0,4.0,4.0,3.0,Sometimes the staff members are really knowledgeable but there are exceptions.,4.0,4.0,4.0,4.0, ,The doctors and therapist are helpful.,4.0,3.0,4.0,4.0, ,"Although there is ISSAC, but sometimes people working there couldn't provide me useful information.",4.0,4.0,4.0,3.0,I only has classes every Saturday before and it was 6 hours everyday.,4.0,4.0,4.0,3.0,4.0,Sometimes it's hard to make the class interesting.,4.0,4.0,4.0,4.0, , ,no comment,2.0,2.0,4.0,2.0,4.0,I didn't have a good experience with my whole thesis delaying.,4.75,4,4,3.6,4,3.75,3.75,3.8,4,2.8,3.961111111,37
30,1,2,3,192, ,3,2,4, ,5.0,4.0,4.0,4.0, ,4.0,4.0,4.0,4.0,4.0,4.0,4.0,3.0, , ,4.0,4.0,4.0,4.0,4.0, ,3.0,4.0,4.0,4.0,4.0, ,4.0,4.0,4.0,5.0, , ,4.0,4.0,4.0,5.0, , ,3.0,3.0,4.0,4.0, ,4.0,4.0,4.0,4.0,4.0, ,3.0,4.0,4.0,4.0, , , ,4.0,4.0,4.0,4.0,5.0, ,4.25,4,4,3.8,4.25,4.25,3.5,4,3.75,4.2,3.977777778,192
43,1,2,2,192, ,3,2,6, ,4.0,4.0,4.0,4.0, ,5.0,4.0,5.0,5.0,4.0,4.0,4.0,4.0,4.0, ,4.0,4.0,4.0,4.0,4.0, ,4.0,4.0,4.0,4.0,4.0, ,4.0,4.0,4.0,4.0,4.0, ,4.0,4.0,4.0,4.0,4.0, ,4.0,4.0,4.0,4.0, ,4.0,4.0,4.0,4.0,4.0, ,4.0,4.0,4.0,4.0,4.0,4.0, ,4.0,4.0,4.0,4.0,4.0, ,4,4.333333333,4,4,4,4,4,4,4,4,4.037037037,192
44,1,2,5,192, ,3,5,6, ,5.0,5.0,4.0,4.0, ,3.0,3.0,3.0,3.0,4.0,3.0,4.0,4.0,3.0, ,3.0,4.0,3.0,4.0,3.0, ,4.0,3.0,4.0,3.0,4.0, ,4.0,5.0,4.0,4.0,4.0, ,4.0,4.0,3.0,4.0,4.0, ,3.0,4.0,3.0,4.0, ,3.0,4.0,4.0,3.0,3.0, ,4.0,4.0,3.0,4.0,3.0,4.0, ,3.0,2.0,3.0,2.0,3.0, ,4.5,3.333333333,3.4,3.6,4.2,3.8,3.5,3.4,3.666666667,2.6,3.711111111,192
45,1,1,2,192, ,3,2,2, ,4.0,4.0,4.0,3.0, ,2.0,5.0,4.0,4.0,4.0,5.0,4.0,4.0,3.0, ,4.0,4.0,4.0,3.0,4.0, ,3.0,5.0,4.0,4.0,4.0, ,4.0,4.0,2.0,4.0,4.0, ,4.0,3.0,4.0,4.0,4.0, ,4.0,4.0,4.0,3.0, ,5.0,5.0,4.0,4.0,4.0, ,5.0,4.0,5.0,4.0,3.0,4.0, ,5.0,5.0,5.0,5.0,3.0, ,3.75,3.888888889,3.8,4,3.6,3.8,3.75,4.4,4.166666667,4.6,3.90617284,192
48,1,2,3,192, ,3,2,6, ,3.0,4.0,4.0,4.0, ,4.0,4.0,4.0,4.0,4.0,4.0,4.0,4.0,4.0, ,4.0,4.0,4.0,4.0,4.0, ,4.0,3.0,4.0,4.0,4.0, ,4.0,4.0,4.0,4.0,3.0, ,4.0,3.0,4.0,4.0,4.0, ,2.0,3.0,4.0,4.0, ,4.0,4.0,4.0,3.0,3.0, ,3.0,3.0,3.0,4.0,3.0,2.0, ,3.0,3.0,3.0,3.0,2.0, ,3.75,4,4,3.8,3.8,3.8,3.25,3.6,3,2.8,3.666666667,192
49,1,2,4,192, ,3,3,6, ,3.0,3.0,4.0,5.0, ,4.0,4.0,4.0,4.0,4.0,4.0,4.0,4.0,4.0, ,2.0,3.0,3.0,3.0,3.0, ,4.0,3.0,4.0,4.0,4.0, ,4.0,3.0,2.0,4.0,4.0, ,4.0,4.0,4.0,1.0,3.0, ,3.0,3.0,4.0,4.0, ,3.0,3.0,4.0,2.0,3.0, ,4.0,4.0,4.0,4.0,1.0,2.0, ,4.0,4.0,3.0,4.0,3.0, ,3.75,4,2.8,3.8,3.4,3.2,3.5,3,3.166666667,3.6,3.401851852,192
50,1,2,4,192, ,3,3,6, ,5.0,4.0,5.0,5.0, ,4.0,4.0,4.0,4.0,4.0,4.0,3.0,4.0,3.0, ,3.0,4.0,4.0,4.0,4.0, ,4.0,4.0,4.0,4.0,4.0, ,4.0,3.0,4.0,5.0,4.0, ,3.0,3.0,4.0,4.0,4.0, ,4.0,3.0,4.0,4.0, ,4.0,4.0,4.0,4.0,4.0, ,5.0,5.0,4.0,4.0,3.0,4.0, ,4.0,4.0,4.0,4.0,4.0, ,4.75,3.777777778,3.8,4,4,3.6,3.75,4,4.166666667,4,3.982716049,192
53,1,1,4,192, ,1,4,12, ,4.0,4.0,4.0,4.0, ,4.0,4.0,4.0,3.0,4.0,4.0,3.0,4.0,4.0, ,3.0,4.0,4.0,4.0,4.0, ,4.0,4.0,4.0,4.0,4.0, ,4.0,3.0,4.0,4.0,3.0, ,3.0,4.0,3.0,3.0,4.0, ,4.0,3.0,3.0,4.0, ,4.0,4.0,4.0,3.0,2.0, ,5.0,4.0,4.0,4.0,2.0,1.0, ,4.0,3.0,4.0,3.0,3.0, ,4,3.777777778,3.8,4,3.6,3.4,3.5,3.4,3.333333333,3.4,3.645679012,192
54,1,1,3,192, ,3,2,1, ,4.0,3.0,4.0,4.0,"Room sometimes is too cold for me in the summer. Lab equipment is pretty old, though it is still accurate but slow and low yield (ie. no. of sample per day)",4.0,5.0,3.0,4.0,3.0,4.0,4.0,5.0,3.0,"ISSAC provides helpful info, I agreed. But they should clarify some services student can not consult them, ie. Immigrant services. When we (students) sent them an email after the wokshop to ask (as they told them to do so), they basically told us shuld email CIC, rediculous!",3.0,4.0,5.0,5.0,5.0, ,4.0,5.0,5.0,5.0,4.0, ,3.0,4.0,4.0,4.0,4.0, ,4.0,3.0,3.0,4.0,4.0, ,4.0,3.0,4.0,3.0,"Some courses are designed too short and condensed (ie. in 3 weeks with 2 classes a week, full of assignments etc). It will be better if we have a little more time to ""digest"" the new knowledge.",5.0,5.0,5.0,5.0,5.0, ,4.0,4.0,4.0,4.0,4.0,5.0, ,4.0,4.0,4.0,4.0,4.0, ,3.75,3.888888889,4.4,4.6,3.8,3.6,3.5,5,4.166666667,4,4.078395062,192
64,1,2,5,7, ,3,1,17, ,4.0,5.0,4.0,4.0, ,2.0,5.0,2.0,4.0,2.0,4.0,3.0,4.0,2.0, ,4.0,1.0,4.0,2.0,4.0, ,2.0,4.0,3.0,5.0,2.0, ,4.0,5.0,3.0,4.0,2.0, ,3.0,3.0,4.0,4.0,5.0, ,4.0,4.0,5.0,5.0, ,4.0,4.0,5.0,5.0,3.0, ,3.0,3.0,4.0,2.0,2.0,1.0, ,4.0,4.0,4.0,5.0,3.0, ,4.25,3.111111111,3,3.2,3.6,3.8,4.5,4.2,2.5,4,3.57345679,7
75,1,2,2,192, ,1,1,5, ,5.0,3.0,4.0,3.0, ,3.0,4.0,3.0,3.0,4.0,4.0,4.0,4.0,3.0, ,3.0,4.0,4.0,3.0,3.0, ,3.0,3.0,4.0,4.0,3.0, ,4.0,4.0,3.0,4.0,4.0, ,3.0,3.0,4.0,4.0,3.0, ,2.0,2.0,3.0,2.0, ,3.0,3.0,3.0,3.0,3.0, ,2.0,2.0,3.0,3.0,2.0,2.0, ,3.0,3.0,3.0,2.0,2.0,"The University is OK, but the city and the province (which gives the uni its name) are boring, limited, dull, and sounds unsophisticated like a backward hinterland out of nowhere.",3.75,3.555555556,3.4,3.4,3.8,3.4,2.25,3,2.333333333,2.6,3.209876543,192
90,1,1,2,37, ,3,2,4, ,4.0,5.0,5.0,5.0, ,5.0,5.0,5.0,5.0,5.0,5.0,5.0,5.0,5.0, ,5.0,5.0,5.0,5.0,5.0, ,5.0,5.0,5.0,5.0,5.0, ,4.0,4.0,4.0,4.0,4.0, ,3.0,4.0,4.0,4.0,4.0, ,5.0,5.0,5.0,5.0, ,5.0,5.0,5.0,5.0,5.0, ,5.0,4.0,4.0,5.0,4.0,5.0, ,4.0,3.0,4.0,4.0,2.0, ,4.75,5,5,5,4,3.8,5,5,4.5,3.4,4.672222222,37
97,1,1,2,37, ,1,4,2, ,4.0,5.0,3.0,5.0, ,5.0,5.0,5.0,5.0,5.0,5.0,5.0,5.0,5.0, ,5.0,5.0,5.0,5.0,5.0, ,5.0,5.0,5.0,5.0,5.0, ,5.0,5.0,5.0,5.0,5.0, ,5.0,5.0,5.0,5.0,5.0, ,5.0,5.0,5.0,5.0, ,5.0,5.0,5.0,5.0,5.0, ,5.0,5.0,5.0,5.0,5.0,5.0, ,5.0,5.0,5.0,5.0,5.0, ,4.25,5,5,5,5,5,5,5,5,5,4.916666667,37
108,1,1,4,192, ,3,5,17, ,4.0,5.0,5.0,5.0, ,4.0,4.0,4.0,4.0,4.0,4.0,4.0,4.0,4.0, ,4.0,4.0,4.0,4.0,4.0, ,4.0,4.0,4.0,4.0,4.0, ,4.0,4.0,4.0,4.0,4.0, ,4.0,4.0,4.0,4.0,4.0, ,4.0,4.0,4.0,4.0, ,4.0,4.0,4.0,4.0,4.0, ,4.0,4.0,4.0,4.0,4.0,4.0, ,4.0,4.0,4.0,4.0,4.0, ,4.75,4,4,4,4,4,4,4,4,4,4.083333333,192
112,1,1,2,112, ,4,5,6, ,4.0,4.0,4.0,4.0, ,5.0,5.0,5.0,5.0,5.0,5.0,4.0,5.0,5.0, ,3.0,4.0,4.0,4.0,4.0, ,5.0,5.0,5.0,5.0,5.0, ,4.0,4.0,3.0,4.0,4.0, ,4.0,4.0,4.0,4.0,4.0, ,4.0,4.0,3.0,3.0, ,5.0,5.0,5.0,5.0,5.0, ,3.0,3.0,3.0,3.0,2.0,2.0, ,5.0,3.0,4.0,5.0,4.0, ,4,4.888888889,3.8,5,3.8,4,3.5,5,2.666666667,4.2,4.072839506,112
113,1,1,3,24, ,3,1,11, ,5.0,5.0,5.0,4.0, ,4.0,4.0,4.0,4.0,4.0,4.0,5.0,3.0,4.0, ,3.0,4.0,4.0,3.0,3.0, ,4.0,4.0,4.0,4.0,4.0, ,3.0,5.0,4.0,3.0,3.0, ,3.0,3.0,2.0,3.0,3.0, ,2.0,3.0,2.0,4.0, ,4.0,4.0,3.0,4.0,2.0, ,3.0,4.0,2.0,2.0,1.0,2.0, ,4.0,4.0,4.0,3.0,3.0, ,4.75,4,3.4,4,3.6,2.8,2.75,3.4,2.333333333,3.6,3.448148148,24
114,1,1,2,24, ,3,1,6, ,5.0,5.0,5.0,5.0,I particularly enjoy the green campus environment and the equipment available at classrooms.,5.0,5.0,5.0,5.0,5.0,5.0,4.0,3.0,5.0,I have not made much use of Connection Point self-services.,3.0,5.0,5.0,5.0,5.0,I am not sure about feedback mechanisms.,5.0,4.0,5.0,5.0,5.0, ,5.0,4.0,5.0,5.0,4.0, ,2.0,5.0,4.0,5.0,5.0,"Some services close at 3-4:30 pm, which I find too early sometimes.",5.0,4.0,5.0,4.0, ,5.0,5.0,5.0,4.0,4.0,Not all instructors provide timely feedback...,3.0,5.0,5.0,5.0,4.0,4.0, ,5.0,5.0,5.0,5.0,4.0, ,5,4.666666667,4.6,4.8,4.6,4.2,4.5,4.6,4.333333333,4.8,4.588888889,24
117,1,2,1,78, ,1,2,2, ,5.0,4.0,4.0,4.0, ,4.0,4.0,4.0,4.0,4.0,4.0,4.0,3.0,4.0, ,4.0,4.0,4.0,4.0,4.0, ,4.0,4.0,4.0,5.0,4.0, ,4.0,5.0,4.0,5.0,3.0, ,4.0,3.0,2.0,4.0,4.0, ,4.0,4.0,3.0,3.0, ,4.0,4.0,4.0,4.0,2.0, ,4.0,4.0,4.0,4.0,4.0,1.0, ,4.0,4.0,4.0,4.0,4.0, ,4.25,3.888888889,4,4.2,4.2,3.4,3.5,3.6,3.5,4,3.837654321,78
118,1,1,3,37, ,3,2,15, ,4.0,3.0,4.0,4.0, ,5.0,5.0,5.0,5.0,4.0,4.0,4.0,4.0,4.0, ,3.0,3.0,4.0,4.0,4.0, ,3.0,4.0,4.0,4.0,4.0, ,4.0,3.0,4.0,4.0,4.0, ,4.0,4.0,3.0,4.0,4.0, ,4.0,4.0,4.0,4.0, ,5.0,5.0,4.0,4.0,4.0, ,4.0,4.0,4.0,4.0,4.0,4.0, ,4.0,4.0,4.0,4.0,4.0, ,3.75,4.444444444,3.6,3.8,3.8,3.8,4,4.4,4,4,3.954938272,37
120,1,2,1,51, ,1,1,1, ,4.0,5.0,5.0,5.0, ,5.0,5.0,5.0,5.0,5.0,5.0,5.0,5.0,5.0, ,5.0,5.0,5.0,5.0,5.0, ,5.0,4.0,5.0,5.0,5.0, ,5.0,5.0,4.0,5.0,5.0, ,5.0,5.0,5.0,5.0,5.0, ,5.0,5.0,5.0,5.0, ,4.0,5.0,5.0,4.0,5.0, ,5.0,5.0,5.0,5.0,5.0,5.0, ,5.0,5.0,5.0,5.0,4.0, ,4.75,5,5,4.8,4.8,5,5,4.6,5,4.8,4.883333333,51
121,1,1,1,33, ,1,1,2, ,5.0,5.0,5.0,5.0, ,5.0,5.0,5.0,5.0,5.0,5.0,5.0,5.0,5.0, ,5.0,5.0,5.0,5.0,5.0, ,5.0,5.0,5.0,5.0,5.0, ,5.0,3.0,5.0,2.0,4.0, ,3.0,2.0,3.0,4.0,5.0, ,5.0,5.0,5.0,5.0, ,5.0,5.0,5.0,5.0,5.0, ,5.0,5.0,5.0,5.0,5.0,5.0, ,5.0,5.0,5.0,5.0,5.0, ,5,5,5,5,3.8,3.4,5,5,5,5,4.688888889,33
123,1,2,1,127, ,1,3,6, ,4.0,4.0,4.0,4.0, ,4.0,4.0,4.0,4.0,4.0,4.0,3.0,2.0,4.0, ,4.0,4.0,4.0,2.0,2.0, ,4.0,4.0,4.0,4.0,4.0, ,4.0,4.0,4.0,4.0,3.0, ,4.0,4.0,4.0,4.0,4.0, ,4.0,4.0,4.0,2.0, ,4.0,4.0,4.0,4.0,4.0, ,4.0,4.0,4.0,4.0,1.0,1.0, ,3.0,2.0,3.0,2.0,3.0, ,4,3.666666667,3.2,4,3.8,4,3.5,4,3,2.6,3.685185185,127
124,1,2,1,192, ,1,4,2, ,3.0,4.0,4.0,4.0, ,4.0,4.0,4.0,4.0,4.0,4.0,4.0,4.0,4.0, ,4.0,4.0,4.0,4.0,4.0, ,4.0,4.0,4.0,4.0,4.0, ,4.0,4.0,4.0,4.0,4.0, ,4.0,4.0,4.0,4.0,4.0, ,4.0,4.0,4.0,4.0, ,4.0,4.0,4.0,4.0,4.0, ,4.0,4.0,4.0,4.0,4.0,4.0, ,4.0,4.0,4.0,4.0,4.0, ,3.75,4,4,4,4,4,4,4,4,4,3.972222222,192
125,1,2,3,163, ,1,2,1, ,4.0,4.0,4.0,4.0,"Wish students have more options for food; subway, dairy queen, Flaming wok, etc...  Particularly Subway in kinesiology closes pretty fast. During summer time, marquis hall would not serve supper. During summer.",4.0,4.0,4.0,4.0,4.0,4.0,4.0,4.0,4.0,"Wish professors and lecturers don't use cursive writing style because I am an international student. I am not taught to read cursive hand writing style from CAEL, and IELTS.",4.0,4.0,4.0,4.0,4.0,Please avoid using cursive writing style.,4.0,4.0,4.0,4.0,4.0,"Professor Steve Shirtliffe, I was at his class one time. I had the impression that he preferred making jokes instead of providing knowledge. In the end, he was the only professor who didn't get warm applause from students; guessed that I was not the only person disagree with his teaching method.",4.0,4.0,4.0,3.0,3.0,Wish students have more option to eat foods. Subway in kinesiology closes too fast. Marquis wouldn't serve supper during summer.,4.0,2.0,2.0,2.0,2.0,"Sending an email isn't specialized service for international students. International students office should be more active; operating various events to allow domestic students to feel close with foreign students. Cultural difference, personal difference should be taken into account, however, my learning method is different than discussing Canadian education system, Lab instructor Ellen Misfeldt once treated me so bad; she thought I was selfish. Participating in discussion always distracts me; it's who I am...",4.0,2.0,2.0,2.0,"Instructors should not use cursive hand writing; I cannot read as an international student. Some of assessments would be done by graduate school students; every one has different opinion, marking is pretty opinion based. If I have generous marking person, I would end up with good marks. If I have strict marking person, I would ended up with okay score. Marking should be done by only one person. Regarding time. wished students have more classes afternoon. Many classes tend to schedule in early morning. It's pretty difficult to get the campus at rush hour, snowing time, out of town.",4.0,2.0,3.0,2.0,2.0,"Lecturer Burton Urquhart does not tend to provide feedback in timely manner. Many instructors don't want a change. Coming in class room and reading materials were the way they were taught. It does not have to be the same way to future generation. We need a change. Canadian society and university tend to keep working on the same flow. If it is needed, instructors are needed to be changed instead of giving them tenure to not look for adventure and challenge.",2.0,2.0,2.0,4.0,2.0,1.0,"There are not many distance learning classes provided from U of S. During summer, students usually don't have many choices to take courses. The tuition fee for international students is too expensive and it is getting more and more. THERE ARE NOT SUFFICIENT SCHOLARSHIPS For INTERNATIONAL STUDENTS. Most of bursary and scholarships are focused at landed immigrants and canadian citizen.",2.0,3.0,3.0,3.0,3.0,"U of S faculty and instructors tend to be conservative. I don't know if the job offering flow is fair; few excellent score students are selected from professor to recommend a job offer. It is fair to every one? I disagree with it. If there is a job position, there should be a chance to take resumes and get through all the interviews regardless of hierarchical references.",4,4,4,4,3.6,2.4,2.5,2.6,2.166666667,2.8,3.251851852,163
126,1,2,1,37, ,1,2,2, ,4.0,4.0,3.0,3.0, ,2.0,2.0,2.0,2.0,2.0,3.0,3.0,3.0,5.0, ,3.0,3.0,3.0,3.0,3.0, ,3.0,3.0,3.0,3.0,3.0, ,3.0,3.0,4.0,4.0,4.0, ,3.0,3.0,2.0,2.0,3.0, ,3.0,2.0,4.0,4.0, ,3.0,2.0,2.0,2.0,4.0, ,4.0,3.0,4.0,4.0,4.0,3.0, ,2.0,2.0,2.0,2.0,2.0, ,3.5,2.666666667,3,3,3.6,2.6,3.25,2.6,3.666666667,2,3.098148148,37
129,1,1,3,192, ,3,2,11, ,4.0,4.0,4.0,4.0, ,4.0,4.0,4.0,4.0,4.0,4.0,4.0,4.0,4.0, ,4.0,4.0,4.0,4.0,4.0, ,4.0,4.0,4.0,4.0,4.0, ,4.0,4.0,3.0,3.0,4.0, ,3.0,3.0,4.0,4.0,4.0, ,4.0,4.0,4.0,4.0, ,4.0,4.0,4.0,4.0,4.0, ,4.0,4.0,4.0,4.0,4.0,4.0, ,4.0,4.0,4.0,4.0,4.0, ,4,4,4,4,3.6,3.6,4,4,4,4,3.911111111,192
131,1,2,4,127, ,3,1,6, ,4.0,4.0,4.0,5.0, ,4.0,4.0,3.0,3.0,3.0,4.0,4.0,3.0,4.0, ,4.0,4.0,4.0,4.0,4.0, ,4.0,4.0,4.0,4.0,4.0, ,4.0,4.0,4.0,4.0,4.0, ,4.0,4.0,3.0,4.0,4.0, ,4.0,4.0,4.0,4.0, ,4.0,4.0,4.0,4.0,4.0, ,5.0,5.0,5.0,4.0,4.0,4.0, ,4.0,4.0,5.0,4.0,4.0, ,4.25,3.555555556,4,4,4,3.8,4,4,4.5,4.2,4.011728395,127
141,1,1,3,37, ,3,2,1, ,5.0,5.0,5.0,5.0, ,5.0,5.0,5.0,5.0,5.0,5.0,5.0,4.0,4.0, ,3.0,4.0,4.0,4.0,4.0, ,4.0,4.0,5.0,4.0,4.0, ,4.0,4.0,3.0,3.0,3.0, ,5.0,3.0,4.0,4.0,4.0, ,4.0,4.0,4.0,4.0, ,4.0,4.0,4.0,4.0,4.0, ,5.0,4.0,4.0,4.0,3.0,3.0, ,5.0,5.0,5.0,4.0,4.0, ,5,4.777777778,3.8,4.2,3.4,4,4,4,3.833333333,4.6,4.112345679,37
147,1,1,4,66, ,3,4,15, ,5.0,5.0,5.0,5.0, ,4.0,3.0,4.0,3.0,4.0,3.0,4.0,4.0,2.0, ,3.0,4.0,2.0,4.0,2.0, ,4.0,3.0,4.0,3.0,3.0,Not all faculty are friendly and courteous.,4.0,3.0,3.0,3.0,3.0, ,4.0,3.0,1.0,3.0,3.0, ,3.0,3.0,2.0,3.0, ,4.0,3.0,3.0,3.0,3.0, ,4.0,4.0,3.0,4.0,4.0,5.0, ,4.0,4.0,3.0,3.0,4.0, ,5,3.444444444,3,3.4,3.2,2.8,2.75,3.2,4,3.6,3.421604938,66
152,1,1,2,33, ,1,4,2, ,4.0,3.0,3.0,4.0,Some of the learning spaces can be a bit uncomfortable because of the winters because they are not always warm. This causes a lot of students to get sick and not feel comfortable in the schools spaces.,4.0,3.0,4.0,3.0,4.0,2.0,2.0,3.0,3.0, ,3.0,3.0,2.0,2.0,1.0,"There have been many times in which I have emailed faculty members or administrators and have not received information or an email for weeks, even up to a month.",2.0,2.0,4.0,3.0,2.0, ,2.0,3.0,3.0,4.0,2.0, ,3.0,3.0,2.0,1.0,3.0, ,3.0,3.0,2.0,4.0, ,4.0,3.0,3.0,2.0,3.0,There are some instructors that do care about the students and engage in learning but others do not. I feel as though we should hire instructors that also care about the students well-being or at least train the already hired professors to understand that some students need extra assistance in learning or need to understand mental health issues as it affects many students.,4.0,3.0,3.0,4.0,1.0,3.0, ,3.0,4.0,4.0,3.0,4.0, ,3.5,3.111111111,2.2,2.6,2.8,2.4,3,3,3,3.6,2.845679012,33
154,1,1,5,127, ,3,2,4, ,4.0,5.0,5.0,5.0, ,4.0,4.0,4.0,4.0,4.0,4.0,4.0,3.0,5.0, ,4.0,4.0,4.0,4.0,4.0, ,4.0,4.0,4.0,4.0,4.0, ,5.0,4.0,5.0,3.0,4.0, ,5.0,5.0,5.0,3.0,4.0, ,2.0,5.0,4.0,4.0, ,5.0,5.0,5.0,5.0,5.0, ,3.0,4.0,4.0,5.0,5.0,5.0, ,2.0,3.0,2.0,2.0,3.0,"The experiences I had at the U of S are not fully captured in this survey and that was why I responded disagree and neutral on this page. The programs are not clearly spelt as you come in. It will be the student that will be asking the department ""what courses should I register this term"" and all those type of question. Students need to have a blueprint of their program as they come in so that the person would make up his/her mind on how to go about the program. May be it is my department alone that is doing it here but I am very disappointed in this aspect at the university",4.75,4,4,4,4.2,4.4,3.75,5,4.333333333,2.4,4.27037037,127
155,1,2,2,127, ,3,1,1, ,4.0,4.0,5.0,5.0, ,5.0,5.0,5.0,5.0,5.0,5.0,5.0,3.0,5.0, ,5.0,5.0,5.0,5.0,5.0, ,5.0,5.0,5.0,5.0,5.0, ,4.0,4.0,3.0,4.0,3.0, ,4.0,4.0,4.0,3.0,3.0, ,3.0,3.0,3.0,3.0, ,4.0,4.0,4.0,4.0,4.0, ,5.0,5.0,3.0,3.0,4.0,5.0, ,5.0,5.0,5.0,5.0,5.0, ,4.5,4.777777778,5,5,3.6,3.6,3,4,4.166666667,5,4.182716049,127
159,1,2,2,187, ,3,5,17, ,5.0,5.0,5.0,5.0, ,5.0,5.0,5.0,5.0,5.0,5.0,5.0,5.0,3.0,I never used any of the services provided by ISSAC,5.0,5.0,5.0,5.0,5.0, ,5.0,5.0,5.0,5.0,5.0, ,5.0,5.0,2.0,5.0,5.0,Options for better health and dental insurance would be a bonus,5.0,4.0,5.0,5.0,5.0, ,5.0,5.0,5.0,5.0, ,5.0,5.0,5.0,5.0,5.0, ,5.0,5.0,5.0,5.0,5.0,2.0,"Despite good marks (I got into vet school, so they're pretty good) and commitment to community engagement, I have received no scholarships, college of agriculture could do more for international undergraduates. We shall see if this improves now that I am a permanent resident.",5.0,5.0,5.0,5.0,4.0, ,5,4.777777778,5,5,4.4,4.8,5,5,4.5,4.8,4.830864198,187
160,1,1,3,196,United States of America,3,3,1, ,4.0,4.0,4.0,3.0, ,5.0,4.0,5.0,4.0,4.0,4.0,4.0,2.0,3.0, ,2.0,4.0,4.0,4.0,4.0, ,4.0,4.0,4.0,4.0,4.0, ,4.0,4.0,5.0,1.0,2.0, ,4.0,3.0,4.0,4.0,4.0, ,4.0,4.0,4.0,4.0, ,5.0,4.0,4.0,4.0,4.0, ,4.0,4.0,4.0,4.0,1.0,1.0, ,4.0,4.0,4.0,4.0,3.0, ,3.75,3.888888889,3.6,4,3.2,3.8,4,4.2,3,3.8,3.715432099,196
161,1,2,4,180, ,3,2,15, ,3.0,4.0,4.0,4.0, ,4.0,4.0,4.0,4.0,4.0,3.0,4.0,4.0,1.0, ,1.0,4.0,4.0,4.0,4.0, ,4.0,3.0,4.0,4.0,4.0, ,4.0,4.0,4.0,2.0,2.0, ,2.0,2.0,4.0,4.0,3.0, ,4.0,3.0,3.0,4.0, ,4.0,4.0,4.0,4.0,4.0, ,4.0,4.0,4.0,4.0,1.0,1.0,"Tuition and fees are rising with the stipend provided for graduate students does not change at all. As opposed to the U.S.A, graduate students does not have to pay for tuition and fees and health insurance is also provided. Here at USASK you have to pay $895 monthly for tuition and fees if you choose the installment plan. After deduction of rent, phone and food you find yourself with no savings at all. You can work 20 hrs per week that's an option but how can you do that when you are overwhelmed with research.",4.0,1.0,3.0,1.0,2.0, ,3.75,3.555555556,3.4,3.8,3.2,3,3.5,4,3,2.2,3.467283951,180
175,1,2,2,192, ,3,2,4, ,2.0,4.0,3.0,1.0, ,3.0,4.0,4.0,3.0,2.0,2.0,4.0,4.0,1.0,"Faculty members seem to be busy with their internal problems, which they did not spend adequate time for graduate students. ISSAC showed their immigration incompetence when I bring forward questions with respect to off-campus working or summer breaks for a graduate students. They did not show any efforts to deal with their lack of expertise at all. My graduate friends experienced the same issues.",2.0,1.0,2.0,2.0,1.0,"The administration staff was not accommodating when I made tuition payment. Plus, slow response.",2.0,3.0,2.0,3.0,1.0, ,3.0,4.0,4.0,3.0,2.0, ,2.0,1.0,2.0,3.0,3.0, ,2.0,2.0,4.0,3.0, ,4.0,3.0,2.0,2.0,4.0,"Many materials posted on the Blackboard are not in good quality, I mean they are scanned in a poor manner and quality. There are not ample visual - audio materials, which accommodates the audio-visual students",4.0,3.0,2.0,4.0,4.0,3.0, ,2.0,2.0,2.0,2.0,3.0, ,2.5,3,1.6,2.2,3.2,2.2,2.75,3,3.333333333,2.2,2.642592593,192
178,1,1,3,85, ,3,2,4, ,4.0,5.0,4.0,5.0, ,3.0,3.0,3.0,3.0,3.0,3.0,3.0,4.0,5.0, ,4.0,4.0,4.0,4.0,4.0, ,4.0,4.0,4.0,3.0,3.0, ,5.0,3.0,3.0,4.0,2.0, ,5.0,2.0,3.0,2.0,3.0, ,2.0,3.0,3.0,3.0, ,4.0,4.0,3.0,3.0,4.0, ,5.0,5.0,4.0,3.0,2.0,1.0, ,4.0,4.0,3.0,3.0,4.0, ,4.5,3.333333333,4,3.6,3.4,3,2.75,3.6,3.333333333,3.6,3.501851852,85
179,1,1,1,174, ,1,2,2, ,5.0,2.0,4.0,4.0, ,5.0,5.0,5.0,5.0,5.0,5.0,3.0,3.0,4.0, ,4.0,3.0,3.0,3.0,3.0, ,5.0,5.0,5.0,5.0,5.0, ,3.0,4.0,3.0,4.0,2.0, ,2.0,4.0,4.0,4.0,3.0, ,5.0,5.0,5.0,3.0, ,5.0,5.0,4.0,3.0,3.0, ,4.0,3.0,4.0,4.0,2.0,2.0, ,3.0,4.0,4.0,3.0,2.0, ,3.75,4.444444444,3.2,5,3.2,3.4,4.5,4,3.166666667,3.2,3.851234568,174
181,1,1,2,86, ,3,2,1, ,5.0,4.0,4.0,4.0, ,4.0,4.0,5.0,5.0,5.0,5.0,4.0,4.0,5.0, ,3.0,4.0,4.0,4.0,3.0, ,4.0,5.0,4.0,5.0,4.0, ,4.0,4.0,4.0,5.0,5.0, ,4.0,5.0,4.0,4.0,4.0, ,3.0,3.0,4.0,4.0, ,4.0,5.0,4.0,5.0,5.0, ,3.0,3.0,3.0,4.0,4.0,3.0, ,5.0,5.0,5.0,4.0,3.0, ,4.25,4.555555556,3.6,4.4,4.4,4.2,3.5,4.6,3.333333333,4.4,4.093209877,86
184,1,1,4,78, ,3,3,2, ,5.0,5.0,5.0,5.0, ,5.0,5.0,5.0,5.0,5.0,5.0,5.0,5.0,5.0, ,5.0,5.0,5.0,5.0,5.0, ,5.0,4.0,4.0,4.0,5.0, ,4.0,4.0,4.0,4.0,4.0, ,5.0,4.0,5.0,5.0,5.0, ,3.0,3.0,5.0,4.0, ,3.0,5.0,4.0,4.0,5.0, ,5.0,5.0,5.0,5.0,2.0,2.0, ,5.0,5.0,4.0,4.0,3.0, ,5,5,5,4.4,4,4.8,3.75,4.2,4,4.2,4.461111111,78
186,1,1,3,80, ,3,1,15, ,5.0,4.0,5.0,5.0, ,3.0,4.0,4.0,4.0,4.0,4.0,4.0,4.0,5.0, ,4.0,4.0,4.0,4.0,4.0, ,4.0,4.0,4.0,4.0,4.0, ,5.0,4.0,4.0,5.0,4.0, ,5.0,5.0,4.0,4.0,4.0, ,5.0,4.0,4.0,4.0, ,4.0,4.0,4.0,4.0,4.0, ,4.0,5.0,4.0,4.0,3.0,4.0, ,4.0,5.0,5.0,5.0,5.0, ,4.75,4,4,4,4.4,4.4,4.25,4,4,4.8,4.2,80
187,1,2,3,37, ,3,1,1, ,4.0,3.0,5.0,5.0, ,5.0,4.0,5.0,5.0,5.0,4.0,5.0,4.0,5.0, ,4.0,4.0,4.0,5.0,5.0, ,5.0,5.0,4.0,4.0,4.0, ,5.0,4.0,5.0,5.0,5.0, ,4.0,5.0,5.0,4.0,5.0, ,3.0,4.0,4.0,3.0, ,5.0,5.0,5.0,5.0,5.0, ,4.0,4.0,5.0,5.0,5.0,5.0, ,5.0,4.0,4.0,5.0,5.0, ,4.25,4.666666667,4.4,4.4,4.8,4.6,3.5,5,4.666666667,4.6,4.475925926,37
191,1,1,2,112, ,3,1,6, ,5.0,4.0,5.0,5.0, ,5.0,5.0,4.0,4.0,5.0,4.0,5.0,5.0,5.0, ,3.0,4.0,4.0,4.0,4.0, ,4.0,4.0,4.0,4.0,4.0, ,5.0,5.0,5.0,5.0,5.0, ,4.0,4.0,3.0,4.0,4.0, ,4.0,5.0,5.0,5.0, ,5.0,5.0,5.0,5.0,4.0, ,4.0,5.0,5.0,5.0,3.0,2.0, ,4.0,4.0,5.0,5.0,5.0, ,4.75,4.666666667,3.8,4,5,3.8,4.75,4.8,4,4.6,4.396296296,112
192,1,1,2,37, ,3,2,2, ,4.0,4.0,3.0,4.0, ,4.0,4.0,4.0,4.0,4.0,3.0,4.0,4.0,4.0, ,4.0,4.0,3.0,4.0,4.0, ,4.0,3.0,4.0,3.0,4.0, ,4.0,4.0,3.0,3.0,3.0, ,4.0,4.0,3.0,4.0,3.0, ,4.0,4.0,3.0,4.0, ,4.0,4.0,4.0,4.0,4.0, ,4.0,3.0,4.0,4.0,4.0,2.0, ,4.0,4.0,3.0,2.0,2.0, ,3.75,3.888888889,3.8,3.6,3.4,3.6,3.75,4,3.5,3,3.698765432,37
195,1,1,1,127, ,1,1,2, ,4.0,3.0,3.0,4.0, ,3.0,3.0,3.0,3.0,4.0,4.0,3.0,3.0,4.0, ,2.0,4.0,4.0,3.0,3.0, ,3.0,5.0,4.0,4.0,3.0, ,4.0,4.0,3.0,3.0,2.0, ,4.0,3.0,2.0,2.0,3.0, ,4.0,4.0,4.0,3.0, ,4.0,4.0,4.0,4.0,3.0, ,4.0,4.0,4.0,4.0,4.0,1.0, ,3.0,4.0,4.0,4.0,3.0, ,3.5,3.333333333,3.2,3.8,3.2,2.8,3.75,3.8,3.5,3.6,3.431481481,127
197,1,1,2,80, ,3,2,6, ,4.0,4.0,3.0,4.0, ,4.0,4.0,4.0,4.0,4.0,4.0,5.0,5.0,5.0, ,3.0,4.0,5.0,4.0,4.0, ,4.0,4.0,4.0,3.0,4.0, ,5.0,5.0,3.0,4.0,5.0, ,4.0,3.0,4.0,5.0,4.0, ,4.0,3.0,4.0,4.0, ,4.0,3.0,5.0,4.0,4.0, ,4.0,4.0,4.0,4.0,4.0,4.0, ,4.0,4.0,4.0,4.0,4.0, ,3.75,4.333333333,4,3.8,4.4,4,3.75,4,4,4,4.003703704,80
198,1,1,2,80, ,3,1,6, ,4.0,4.0,4.0,4.0, ,4.0,4.0,4.0,4.0,4.0,5.0,4.0,4.0,5.0, ,4.0,4.0,4.0,4.0,4.0, ,4.0,4.0,4.0,4.0,3.0, ,4.0,5.0,3.0,4.0,4.0, ,4.0,5.0,4.0,4.0,4.0, ,3.0,4.0,4.0,4.0, ,4.0,4.0,4.0,4.0,4.0, ,4.0,3.0,4.0,4.0,3.0,5.0, ,5.0,5.0,5.0,5.0,4.0, ,4,4.222222222,4,3.8,4,4.2,3.75,4,3.833333333,4.8,3.978395062,80
202,1,2,2,192, ,1,5,6, ,4.0,4.0,4.0,3.0,"Some time the university send out important emails that got shadowed by ""rubbish"" by either generic looking emails, way too many emails and the like",4.0,4.0,4.0,5.0,4.0,4.0,4.0,4.0,3.0,Have never used issac to know,4.0,4.0,5.0,4.0,4.0, ,4.0,4.0,4.0,4.0,4.0, ,3.0,3.0,2.0,4.0,4.0, ,4.0,4.0,4.0,4.0,3.0, ,3.0,4.0,4.0,3.0, ,4.0,4.0,4.0,4.0,4.0, ,3.0,4.0,3.0,3.0,2.0,2.0, ,4.0,3.0,3.0,4.0,2.0, ,3.75,4,4.2,4,3.2,3.8,3.5,4,2.833333333,3.2,3.698148148,192
204,1,1,4,144, ,3,2,4, , , , , ,"Outdoors could be more cleaner after winter (especially sand, stones)",4.0,4.0,3.0,5.0,4.0,5.0,5.0,5.0,5.0, ,2.0,4.0,4.0,5.0,5.0, ,4.0,4.0,4.0,4.0,4.0, ,4.0,5.0,3.0,3.0,2.0, ,4.0,3.0,3.0,4.0,4.0, ,2.0,4.0,3.0,4.0, ,4.0,4.0,4.0,4.0,3.0,"Not all instructors provide feedback at all, which is bad for learning",5.0,4.0,3.0,4.0,5.0,2.0, ,4.0,4.0,4.0,3.0,4.0, , ,4.444444444,4,4,3.4,3.6,3.25,3.8,3.833333333,3.8,3.790972222,144
219,1,1,2,78, ,3,2,13, ,4.0,4.0,4.0,4.0, ,4.0,3.0,4.0,3.0,4.0,4.0,3.0,4.0,2.0, ,2.0,3.0,3.0,3.0,3.0, ,3.0,3.0,3.0,3.0,4.0, ,4.0,4.0,3.0,4.0,4.0, ,4.0,4.0,3.0,4.0,4.0, ,3.0,4.0,4.0,4.0, ,4.0,4.0,4.0,4.0,4.0, ,4.0,4.0,4.0,4.0,4.0,4.0, ,4.0,4.0,4.0,4.0,4.0, ,4,3.444444444,2.8,3.2,3.8,3.8,3.75,4,4,4,3.64382716,78
225,1,2,3,80, ,3,4,6, ,5.0,5.0,5.0,5.0, ,4.0,1.0,4.0,1.0,4.0,1.0,5.0,5.0,5.0, ,2.0,3.0,1.0,1.0,1.0, ,2.0,1.0,4.0,1.0,4.0, ,5.0,4.0,5.0,5.0,5.0, ,4.0,5.0,4.0,3.0,5.0, ,1.0,1.0,4.0,2.0, ,1.0,4.0,1.0,1.0,2.0, ,3.0,3.0,1.0,1.0,3.0,4.0, ,2.0,1.0,1.0,1.0,1.0, ,5,3.333333333,1.6,2.4,4.8,4.2,2,1.8,2.5,1.2,3.07037037,80
227,1,1,2,66, ,3,2,2, ,4.0,1.0,1.0,1.0, ,1.0,5.0,5.0,5.0,5.0,5.0,5.0,5.0,5.0, ,5.0,5.0,5.0,5.0,5.0, ,5.0,5.0,5.0,5.0,5.0, ,5.0,5.0,5.0,1.0,1.0, ,5.0,5.0,5.0,5.0,5.0, ,5.0,5.0,5.0,5.0, ,5.0,5.0,5.0,5.0,5.0, ,5.0,5.0,4.0,5.0,5.0,5.0, ,5.0,5.0,4.0,4.0,5.0, ,1.75,4.555555556,5,5,3.4,5,5,5,4.833333333,4.6,4.393209877,66
228,1,1,1,192, ,1,3,2, ,3.0,4.0,4.0,4.0, ,3.0,3.0,3.0,3.0,3.0,3.0,3.0,4.0,4.0, ,3.0,3.0,3.0,3.0,3.0, ,3.0,3.0,3.0,3.0,3.0, ,3.0,3.0,4.0,3.0,4.0, ,3.0,3.0,4.0,4.0,4.0, ,3.0,3.0,4.0,3.0, ,4.0,3.0,4.0,4.0,3.0, ,3.0,4.0,3.0,3.0,4.0,3.0, ,4.0,4.0,3.0,3.0,3.0, ,3.75,3.222222222,3,3,3.4,3.6,3.25,3.6,3.333333333,3.4,3.350617284,192
234,1,2,2,78, ,1,3,1, ,5.0,5.0,5.0,5.0, ,5.0,5.0,5.0,5.0,5.0,5.0,5.0,5.0,5.0, ,5.0,5.0,5.0,5.0,5.0, ,5.0,5.0,5.0,5.0,5.0, ,5.0,5.0,5.0,5.0,5.0, ,5.0,5.0,5.0,5.0,5.0, ,5.0,5.0,5.0,4.0, ,4.0,5.0,5.0,5.0,5.0, ,5.0,5.0,5.0,5.0,1.0,3.0, ,5.0,5.0,5.0,5.0,3.0, ,5,5,5,5,5,5,4.75,4.8,4,4.6,4.838888889,78
235,1,1,2,196,stateless,1,1,2, ,5.0,3.0,4.0,4.0, ,4.0,4.0,4.0,4.0,4.0,4.0,4.0,4.0,4.0, ,4.0,4.0,4.0,4.0,4.0, ,4.0,4.0,3.0,3.0,4.0, ,3.0,4.0,3.0,4.0,3.0, ,3.0,3.0,2.0,2.0,3.0, ,4.0,3.0,4.0,3.0, ,4.0,4.0,4.0,3.0,3.0, ,3.0,4.0,4.0,4.0,3.0,3.0, ,4.0,4.0,4.0,4.0,3.0, ,4,4,4,3.6,3.4,2.6,3.5,3.6,3.5,3.8,3.577777778,196
237,1,1,4,125, ,3,3,1, ,5.0,5.0,5.0,5.0, ,4.0,4.0,4.0,5.0,4.0,5.0,4.0,5.0,5.0,The only service on campus that in my opinion really need improvement is housing. Staff are not very interested in helping students and housing facilities are either to expensive (grad house) or lacking pest control and management (McEwon Park),3.0,4.0,5.0,3.0,5.0,"As stated before, I had a very bad experience asking for problem solving in the housing offices.",4.0,5.0,4.0,5.0,4.0, ,5.0,5.0,4.0,5.0,4.0, ,4.0,5.0,3.0,4.0,4.0, ,4.0,4.0,4.0,4.0, ,5.0,4.0,4.0,4.0,4.0, ,4.0,4.0,4.0,5.0,5.0,5.0, ,4.0,5.0,4.0,4.0,4.0, ,5,4.444444444,4,4.4,4.6,4,4,4.2,4.5,4.2,4.349382716,125
240,1,2,4,78, ,3,3,8, ,3.0,3.0,3.0,4.0,Library doesn't have enough space for all students... they should be more close to natural environment Also theft is the biggest issue,4.0,5.0,5.0,5.0,4.0,4.0,2.0,3.0,4.0, ,2.0,4.0,5.0,5.0,5.0, ,4.0,4.0,4.0,4.0,5.0, ,2.0,3.0,1.0,2.0,1.0, ,2.0,1.0,5.0,5.0,3.0, ,3.0,3.0,3.0,3.0, ,3.0,3.0,4.0,3.0,4.0, ,2.0,3.0,3.0,3.0,1.0,3.0, ,3.0,3.0,3.0,3.0,2.0, ,3.25,4,4.2,4.2,1.8,3.2,3,3.4,2.5,2.8,3.283333333,78
242,1,1,4,80, ,3,2,6, ,5.0,4.0,4.0,4.0, ,2.0,3.0,4.0,4.0,3.0,3.0,2.0,2.0,3.0, ,2.0,4.0,2.0,2.0,2.0, ,2.0,4.0,2.0,4.0,2.0, ,4.0,4.0,5.0,2.0,2.0, ,5.0,2.0,2.0,3.0,3.0, ,1.0,1.0,1.0,3.0, ,2.0,4.0,4.0,4.0,4.0, ,3.0,3.0,4.0,2.0,1.0,1.0, ,4.0,4.0,3.0,4.0,1.0,"I love U of S just because of my supervisor. He is realy cool and knowlegeble. Otherwise, the quality of teaching in engineering department is really low.",4.25,2.888888889,2.4,2.8,3.4,3,1.5,3.6,2.333333333,3.2,2.908024691,80
243,1,2,2,78, ,3,2,17, ,4.0,5.0,4.0,4.0, ,5.0,5.0,4.0,4.0,5.0,5.0,4.0,5.0,5.0, ,4.0,4.0,4.0,5.0,5.0, ,5.0,5.0,5.0,4.0,5.0, ,4.0,5.0,5.0,5.0,5.0, ,4.0,4.0,5.0,5.0,5.0, ,4.0,4.0,4.0,5.0, ,5.0,5.0,5.0,5.0,5.0, ,5.0,5.0,5.0,5.0,1.0,4.0, ,4.0,5.0,5.0,5.0,5.0, ,4.25,4.666666667,4.4,4.8,4.8,4.6,4.25,5,4.166666667,4.8,4.548148148,78
244,1,2,1,78, ,1,1,6, ,4.0,4.0,5.0,4.0, ,4.0,3.0,4.0,4.0,4.0,4.0,5.0,4.0,5.0, ,4.0,4.0,4.0,4.0,4.0, ,4.0,4.0,4.0,4.0,5.0, ,3.0,4.0,4.0,4.0,3.0, ,4.0,4.0,5.0,4.0,3.0, ,4.0,4.0,4.0,3.0, ,5.0,4.0,4.0,5.0,4.0, ,4.0,5.0,4.0,5.0,5.0,4.0, ,5.0,5.0,4.0,4.0,4.0, ,4.25,4.111111111,4,4.2,3.6,4,3.75,4.4,4.5,4.4,4.090123457,78
250,1,2,2,78, ,3,1,1, ,5.0,5.0,5.0,5.0, ,5.0,4.0,5.0,5.0,5.0,5.0,4.0,3.0,3.0, ,4.0,4.0,4.0,4.0,4.0, ,5.0,5.0,5.0,5.0,5.0, ,4.0,5.0,2.0,2.0,2.0, ,5.0,3.0,2.0,3.0,3.0, ,4.0,4.0,4.0,4.0, ,5.0,5.0,5.0,5.0,5.0, ,3.0,3.0,3.0,3.0,2.0,3.0, ,3.0,3.0,3.0,3.0,2.0, ,5,4.333333333,4,5,3,3.2,4,5,2.833333333,2.8,4.040740741,78
252,1,1,1,127, ,1,4,2, ,5.0,4.0,1.0,2.0, ,4.0,3.0,4.0,1.0,3.0,3.0,2.0,1.0,2.0, ,3.0,4.0,3.0,4.0,3.0, ,2.0,4.0,5.0,5.0,5.0, ,3.0,4.0,3.0,4.0,4.0, ,2.0,4.0,2.0,2.0,5.0, ,5.0,5.0,5.0,3.0, ,4.0,4.0,5.0,5.0,3.0, ,5.0,5.0,5.0,4.0,1.0,3.0, ,4.0,4.0,3.0,3.0,5.0, ,3,2.555555556,3.4,4.2,3.6,3,4.5,4.2,3.833333333,3.8,3.587654321,127
257,1,1,2,112, ,2,5,6, ,5.0,3.0,5.0,5.0, ,5.0,5.0,5.0,5.0,5.0,5.0,5.0,5.0,5.0, ,5.0,5.0,5.0,5.0,5.0, ,4.0,5.0,5.0,5.0,5.0, ,5.0,5.0,3.0,4.0,4.0, ,5.0,5.0,4.0,4.0,5.0, ,4.0,4.0,4.0,4.0, ,4.0,4.0,4.0,4.0,4.0, ,5.0,5.0,5.0,5.0,3.0,4.0, ,5.0,5.0,5.0,5.0,5.0, ,4.5,5,5,4.8,4.2,4.6,4,4,4.5,5,4.511111111,112
258,1,1,2,192, ,3,2,1, ,4.0,3.0,4.0,3.0, ,3.0,4.0,3.0,4.0,3.0,4.0,4.0,4.0,2.0, ,2.0,3.0,4.0,3.0,3.0, ,3.0,4.0,3.0,3.0,3.0, ,4.0,4.0,3.0,2.0,2.0, ,3.0,2.0,3.0,4.0,4.0, ,2.0,3.0,2.0,2.0, ,5.0,5.0,4.0,3.0,4.0, ,3.0,4.0,3.0,3.0,1.0,2.0, ,4.0,4.0,3.0,3.0,4.0, ,3.5,3.444444444,3,3.2,3,3.2,2.25,4.2,2.666666667,3.6,3.162345679,192
259,1,2,1,81, ,1,4,2, ,4.0,4.0,5.0,5.0, ,4.0,3.0,4.0,2.0,4.0,2.0,4.0,4.0,4.0,"Faculty member in general are helpful, But I have had two different professors that were not trustworthy and did not hold up to their so-called ideals. and they did not provide any help at all which was disappointing. mainly a professor called Christopher Dutchyn.",4.0,4.0,4.0,4.0,3.0, ,4.0,1.0,4.0,4.0,3.0, ,4.0,3.0,4.0,4.0,3.0, ,3.0,3.0,4.0,4.0,4.0, ,2.0,1.0,2.0,4.0,"I have crossed upon many professors in the computer science major which did not follow their curriculum. Also, anyone who takes a course with Christopher Dutchyn, does not get any learning material as he says that he should not tell provide us with slides as we are university students.",3.0,3.0,4.0,2.0,2.0, ,4.0,4.0,2.0,2.0,1.0,2.0, ,4.0,3.0,2.0,1.0,4.0, ,4.5,3.444444444,3.8,3.2,3.6,3.6,2.25,2.8,2.5,2.8,3.299382716,81
260,1,1,2,192, ,1,4,2, ,4.0,4.0,4.0,4.0, ,4.0,4.0,4.0,4.0,4.0,4.0,2.0,4.0,5.0, ,3.0,4.0,4.0,4.0,4.0, ,4.0,4.0,4.0,4.0,4.0, ,3.0,5.0,3.0,4.0,3.0, ,3.0,3.0,2.0,3.0,4.0, ,4.0,4.0,4.0,2.0, ,4.0,4.0,4.0,4.0,4.0, ,4.0,4.0,4.0,4.0,2.0,2.0, ,4.0,4.0,3.0,4.0,2.0, ,4,3.888888889,3.8,4,3.6,3,3.5,4,3.333333333,3.4,3.680246914,192
266,1,1,2,78, ,3,2,1, ,5.0,5.0,4.0,5.0, ,4.0,4.0,4.0,4.0,4.0,4.0,3.0,4.0,3.0, ,3.0,4.0,4.0,4.0,4.0, ,4.0,4.0,4.0,4.0,4.0, ,4.0,5.0,3.0,4.0,3.0, ,4.0,3.0,4.0,4.0,4.0, ,4.0,3.0,4.0,4.0, ,4.0,4.0,4.0,3.0,4.0, ,3.0,4.0,4.0,4.0,4.0,2.0, ,4.0,4.0,4.0,3.0,2.0, ,4.75,3.777777778,3.8,4,3.8,3.8,3.75,3.8,3.5,3.4,3.886419753,78
269,1,2,4,33, ,3,3,2, ,4.0,2.0,2.0,4.0, ,4.0,1.0,2.0,1.0,4.0,1.0,3.0,2.0,3.0, ,2.0,2.0,1.0,2.0,1.0, ,3.0,2.0,5.0,2.0,5.0, ,2.0,1.0,3.0,2.0,2.0, ,4.0,3.0,1.0,1.0,4.0, ,2.0,3.0,2.0,3.0, ,4.0,4.0,4.0,3.0,3.0, ,1.0,3.0,4.0,4.0,2.0,3.0, ,2.0,2.0,2.0,1.0,1.0, ,3,2.333333333,1.6,3.4,2,2.6,2.5,3.6,2.833333333,1.6,2.651851852,33
271,1,2,3,78, ,3,2,11, ,4.0,5.0,5.0,5.0, ,1.0,4.0,3.0,3.0,2.0,5.0,3.0,4.0,4.0, ,4.0,2.0,5.0,3.0,3.0, ,1.0,5.0,4.0,5.0,2.0, ,4.0,3.0,5.0,5.0,5.0, ,4.0,3.0,2.0,5.0,3.0, ,3.0,4.0,4.0,4.0, ,5.0,5.0,5.0,5.0,5.0, ,3.0,4.0,4.0,4.0,1.0,1.0, ,2.0,1.0,3.0,1.0,2.0, ,4.75,3.222222222,3.4,3.4,4.4,3.4,3.75,5,2.833333333,1.8,3.795061728,78
272,1,1,2,33, ,1,1,13, ,5.0,4.0,4.0,3.0,"Some of the lecture halls can be TOO warm in winter. The ""airplane room"" made me sick it was so hot in there. News of emergency situations/threats could be relayed over PAWS as well at the moment of occurrence so that one can avoid dangerous areas.",3.0,4.0,3.0,4.0,4.0,4.0,4.0,5.0,3.0, ,3.0,3.0,4.0,4.0,4.0, ,3.0,3.0,3.0,4.0,4.0, ,2.0,4.0,5.0,5.0,4.0,"Security and Safety are the only thing I am unsure of. As last year there was some sort of threat toward faculty members and it was not made known until after the police had dealt with the issue. Also, there is no real security on campus that I have noticed other than alarms/alerts/cameras. It would be nice to have some options available to prevent crime/danger rather than just to help after something happens. Also sexual assault on campus makes me nervous to participate in any social events on campus.",4.0,3.0,4.0,4.0,4.0, ,3.0,4.0,4.0,4.0, ,4.0,4.0,4.0,4.0,4.0,Honestly depends on the instructor. I have had some who don't provide many good learning opportunities and some who's primary focus is on the students' learning.,3.0,4.0,4.0,5.0,1.0,1.0,"As far as fees/tuition I think they are unfairly high. Education is so important to any community yet there is a lack of access to the education due to the costs involved. Many young people start University to gain a well-paying job only to realize they will either not afford the tuition or be in debt to loans for the next 20 years. International students have it far worse as far as the costs go. Not only is tuition higher but so is the living costs of being in a new country. When a Canadian born student like myself needs to work 2 jobs during the school year in order to make ends meet, I cannot imagine what that would be like in a country away from my emotional support like family and friends.",4.0,3.0,4.0,4.0,3.0,"I would enroll in the University again, but I would work to get done my degree the fastest and cheapest that I could.",4,3.777777778,3.6,3.4,4,3.8,3.75,4,3,3.6,3.70308642,33
275,1,1,1,37, ,1,4,5, ,5.0,5.0,5.0,5.0,"As I already finished my summer courses, I found that the learning materials were so helpful to me when completing my assignments or taking the exams.",5.0,4.0,5.0,5.0,5.0,5.0,5.0,5.0,5.0,The faculty members are so friendly and are all willing to help me.,4.0,5.0,5.0,4.0,5.0,"If I have any problems, I can contact the certain apartment via email and it is really effective.",5.0,4.0,5.0,5.0,5.0,All the faculty members are so friendly to anybody.,5.0,5.0,5.0,5.0,5.0,I have attended several activities and all of them are fun.,4.0,5.0,5.0,5.0,4.0,ISSAC has helped me a lot.,4.0,4.0,5.0,5.0,My tutors gave the fair grading work towards all the students in class.,5.0,5.0,5.0,5.0,5.0,My tutors are always willing to answer my questions and give me the explanation patiently.,5.0,5.0,5.0,5.0,3.0,4.0,I hope that the fees for international students can be cheaper.,5.0,5.0,5.0,5.0,5.0,I am very honored to study in U of S.,5,4.888888889,4.6,4.8,5,4.6,4.5,5,4.5,5,4.765432099,37
276,1,1,1,66, ,1,3,2, ,5.0,2.0,5.0,5.0,The classes in the Art building are cold in the winter.,4.0,5.0,4.0,5.0,4.0,5.0,4.0,5.0,3.0, ,5.0,4.0,5.0,4.0,5.0, ,4.0,5.0,5.0,5.0,4.0, ,5.0,5.0,3.0,3.0,2.0, ,5.0,3.0,3.0,5.0,4.0, ,5.0,5.0,5.0,5.0, ,5.0,5.0,5.0,4.0,5.0, ,5.0,5.0,5.0,5.0,2.0,3.0,Tuition fees are getting higher and higher for both domestic and international students.,4.0,5.0,5.0,4.0,4.0, ,4.25,4.333333333,4.6,4.6,3.6,4,5,4.8,4.166666667,4.4,4.372222222,66
277,1,1,1,24, ,1,1,2, ,5.0,4.0,4.0,4.0, ,4.0,4.0,4.0,4.0,3.0,3.0,4.0,3.0,5.0, ,4.0,4.0,4.0,4.0,4.0, ,3.0,3.0,4.0,4.0,4.0, ,4.0,3.0,4.0,5.0,4.0, ,4.0,4.0,3.0,4.0,4.0, ,4.0,4.0,3.0,4.0, ,4.0,4.0,4.0,3.0,3.0, ,4.0,4.0,4.0,3.0,2.0,2.0, ,4.0,4.0,4.0,3.0,3.0, ,4.25,3.777777778,4,3.6,4,3.8,3.75,3.6,3.166666667,3.6,3.771604938,24
286,1,2,2,192, ,4,1,6, ,5.0,5.0,5.0,4.0, ,5.0,4.0,4.0,4.0,4.0,4.0,4.0,4.0,5.0, ,3.0,4.0,4.0,4.0,4.0, ,4.0,4.0,4.0,4.0,4.0, ,4.0,4.0,4.0,4.0,4.0, ,3.0,3.0,4.0,5.0,4.0, ,4.0,3.0,4.0,5.0, ,4.0,5.0,3.0,4.0,4.0, ,4.0,4.0,4.0,4.0,4.0,4.0, ,5.0,4.0,5.0,4.0,3.0, ,4.75,4.222222222,3.8,4,4,3.8,4,4,4,4.2,4.063580247,192
288,1,2,5,89, ,4,2,2, ,3.0,3.0,3.0,3.0,hard chairs in the older class rooms need to be upgraded; older buildings need upgrading.,3.0,4.0,2.0,2.0,3.0,3.0,2.0,3.0,3.0,Support staff/administrators display low interest in working with me to solve any problems that arise. They need better training in communications and interpersonal skills,2.0,2.0,3.0,2.0,3.0,"Their (staff, instructors, and administrators) self interests come first. Plus they need to enhance their communications skills to ensure they are understood better",3.0,3.0,3.0,3.0,3.0,the quantity and quality of support staff/administrators need to be improved,3.0,3.0,2.0,2.0,3.0, ,2.0,2.0,2.0,3.0,3.0, ,3.0,3.0,3.0,3.0, ,3.0,3.0,3.0,3.0,3.0, ,3.0,3.0,3.0,3.0,2.0,2.0,foreigners should not be required to pay double the fees; and the financial services should require students to pay by debit card. Credit cards should be accepted. this way they can better track their payments,2.0,3.0,3.0,2.0,3.0,"there should be equity and fairness in treating international students. i.e. no double fees; They should not be required to purchase books i.e.free e-books and free assignments; free academic papers; more tutoring help; extra time given in writing exams as english is difficult; exam questions should be easy to read and written in simple terms etc.; and marked tests should be returned to students to learn their mistakes; markers should provide more, better feedback etc",3,2.777777778,2.4,3,2.6,2.4,3,3,2.666666667,2.6,2.760493827,89
290,1,2,2,78, ,3,2,6, ,4.0,4.0,3.0,3.0, ,3.0,3.0,3.0,3.0,3.0,3.0,3.0,3.0,4.0, ,4.0,3.0,3.0,3.0,3.0, ,3.0,4.0,3.0,3.0,3.0, ,3.0,4.0,4.0,3.0,3.0, ,4.0,4.0,2.0,3.0,3.0, ,3.0,3.0,3.0,3.0, ,3.0,3.0,3.0,3.0,3.0, ,4.0,4.0,3.0,3.0,1.0,2.0, ,2.0,2.0,2.0,2.0,1.0, ,3.5,3.111111111,3.2,3.2,3.4,3.2,3,3,2.833333333,1.8,3.160493827,78
292,1,1,3,80, ,3,1,6, ,5.0,4.0,4.0,5.0, ,5.0,4.0,4.0,4.0,5.0,5.0,4.0,3.0,4.0, ,4.0,4.0,4.0,5.0,5.0, ,5.0,4.0,5.0,5.0,5.0, ,3.0,5.0,4.0,5.0,5.0,In our laboratories hygiene is not provided completely because of rodents and bugs.,5.0,4.0,5.0,5.0,4.0, ,5.0,5.0,4.0,5.0, ,5.0,5.0,5.0,5.0,4.0, ,5.0,5.0,4.0,5.0,5.0,5.0, ,5.0,5.0,4.0,5.0,4.0, ,4.5,4.222222222,4.4,4.8,4.4,4.6,4.75,4.8,4.833333333,4.6,4.589506173,80
293,1,1,1,192, ,1,1,2, ,4.0,4.0,5.0,4.0, ,4.0,4.0,5.0,3.0,4.0,4.0,4.0,4.0,4.0, ,4.0,4.0,4.0,4.0,4.0, ,4.0,4.0,4.0,4.0,4.0, ,4.0,4.0,4.0,4.0,4.0, ,5.0,5.0,4.0,4.0,4.0, ,4.0,5.0,4.0,4.0, ,5.0,5.0,4.0,4.0,4.0, ,4.0,4.0,4.0,4.0,3.0,3.0, ,4.0,4.0,4.0,4.0,4.0, ,4.25,4,4,4,4,4.4,4.25,4.4,3.666666667,4,4.107407407,192
295,1,1,2,78, ,3,3,1, ,5.0,4.0,4.0,5.0, ,5.0,4.0,4.0,4.0,4.0,4.0,4.0,4.0,4.0, ,4.0,4.0,4.0,4.0,4.0, ,4.0,4.0,4.0,4.0,4.0, ,4.0,4.0,4.0,4.0,4.0, ,4.0,4.0,4.0,4.0,3.0, ,3.0,3.0,4.0,4.0, ,4.0,4.0,4.0,4.0,4.0, ,4.0,4.0,4.0,4.0,4.0,4.0, ,4.0,4.0,4.0,4.0,3.0, ,4.5,4.111111111,4,4,4,3.8,3.5,4,4,3.8,3.990123457,78
296,1,1,2,37, ,3,1,4, ,4.0,5.0,5.0,5.0, ,4.0,4.0,5.0,5.0,5.0,5.0,5.0,4.0,5.0, ,4.0,5.0,5.0,5.0,5.0, ,4.0,4.0,4.0,4.0,4.0, ,4.0,4.0,4.0,4.0,4.0, ,4.0,4.0,3.0,4.0,4.0, ,5.0,5.0,5.0,5.0, ,5.0,5.0,5.0,5.0,5.0, ,5.0,4.0,5.0,5.0,4.0,3.0, ,5.0,5.0,4.0,2.0,3.0,"I am really enjoy my experience in U of S, but if I have choice to over again I prefer to choose a more modern city.",4.75,4.666666667,4.8,4,4,3.8,5,5,4.333333333,3.8,4.483333333,37
298,1,2,5,66, ,3,1,20,College of Graduate and Postdoctoral Studies,4.0,5.0,5.0,5.0, ,4.0,4.0,4.0,4.0,4.0,4.0,4.0,4.0,4.0,"The residence services department put a lot of pressure on students, especially those living in student residence. Sometimes asking students to renew their rent several months ahead of time. The department also seem not to have any human face towards students during move ins and move outs periods. Residence contracts can expire several days before the end of a calender month, yet students cannot even stay an extra day witout being charged. I think student residence services have to look at these things again.",3.0,4.0,4.0,4.0,3.0,Most faculty members do not always respond promptly to student written essays and assignments. I have heard a lot of my colleagues complain of having to wait even months before they get feedback on papers they submit to their supervisors or instructors.,4.0,5.0,5.0,5.0,5.0, ,4.0,4.0,4.0,5.0,4.0,"I have noticed little challenges with few security issues, which has to do with theft. Many of my room mates got their bicycles stolen both on campus and at the student residence. The bicycles were even locked, but the locks were cut and the bicycles taken away.",4.0,3.0,3.0,5.0,5.0, ,5.0,5.0,4.0,4.0,"The course curricula is also overloaded for graduate students. Many PhD students have to take many courses before even doing their qualifying and comprehensive exams in addition to presenting and defending their proposals before even applying for ethics approval. Comparatively to most European universities, all the premilinary courses and exams take a chunk of the student time before students even begin with the research component of their.  degrees",5.0,5.0,5.0,5.0,3.0, ,5.0,5.0,5.0,5.0,3.0,3.0,"Tuition and tuition fees are a challenge to some of us, especially the spring/summer tuition fees. Most international students do not have good funding, therefore, it is a challenge paying tuition in summer when one is not attending classes or even have any serious academic work to do.",4.0,4.0,3.0,3.0,4.0, ,4.75,4,3.6,4.8,4.2,4,4.5,4.6,4.333333333,3.6,4.309259259,66
303,1,1,1,51, ,1,3,2, ,3.0,5.0,4.0,4.0, ,2.0,3.0,3.0,4.0,4.0,4.0,5.0,5.0,3.0, ,3.0,3.0,4.0,2.0,4.0, ,3.0,4.0,4.0,4.0,3.0, ,4.0,4.0,3.0,3.0,2.0, ,3.0,2.0,3.0,2.0,4.0, ,4.0,4.0,4.0,3.0, ,4.0,4.0,4.0,3.0,3.0, ,3.0,3.0,3.0,4.0,1.0,1.0,There are too many scholarships that you can't access as an international student and considering the difficulties of differential rates and lack of access to loans that is extremely unfair.,2.0,2.0,3.0,1.0,1.0, ,4,3.666666667,3.2,3.6,3.2,2.8,3.75,3.6,2.5,1.8,3.368518519,51
304,1,2,5,86, ,3,2,2, ,5.0,2.0,3.0,3.0, ,3.0,4.0,2.0,2.0,4.0,4.0,1.0,1.0,4.0, ,1.0,4.0,3.0,3.0,3.0, ,2.0,3.0,5.0,4.0,2.0, ,4.0,4.0,3.0,5.0,2.0, ,2.0,1.0,4.0,3.0,3.0, ,4.0,4.0,4.0,3.0, ,4.0,3.0,3.0,2.0,2.0, ,3.0,3.0,4.0,4.0,2.0,2.0, ,3.0,3.0,4.0,3.0,2.0, ,3.25,2.777777778,2.8,3.2,3.6,2.6,3.75,2.8,3,3,3.086419753,86
311,1,1,4,37, ,4,2,4, ,5.0,5.0,5.0,5.0, ,4.0,4.0,5.0,5.0,4.0,4.0,4.0,4.0,4.0, ,3.0,3.0,3.0,4.0,4.0, ,4.0,4.0,4.0,4.0,4.0, ,4.0,4.0,4.0,4.0,4.0, ,4.0,4.0,3.0,4.0,3.0, ,3.0,4.0,4.0,3.0, ,4.0,4.0,4.0,4.0,3.0, ,5.0,5.0,4.0,4.0,4.0,3.0, ,4.0,4.0,4.0,4.0,4.0, ,5,4.222222222,3.4,4,4,3.6,3.5,3.8,4.166666667,4,3.965432099,37
313,1,1,5,192, ,1,1,2, ,5.0,4.0,4.0,5.0, ,3.0,3.0,5.0,5.0,4.0,4.0,4.0,4.0,3.0, ,5.0,5.0,4.0,4.0,4.0, ,4.0,4.0,4.0,4.0,5.0, ,3.0,4.0,4.0,4.0,4.0, ,5.0,3.0,3.0,3.0,4.0, ,4.0,4.0,4.0,4.0, ,5.0,3.0,3.0,4.0,4.0, ,5.0,5.0,3.0,5.0,5.0,5.0, ,5.0,5.0,5.0,5.0,5.0, ,4.5,3.888888889,4.4,4.2,3.8,3.6,4,3.8,4.666666667,5,4.095061728,192
317,1,2,4,192, ,3,3,6, ,5.0,4.0,4.0,4.0, ,4.0,4.0,4.0,4.0,4.0,4.0,3.0,4.0,3.0, ,3.0,4.0,4.0,4.0,4.0, ,4.0,4.0,4.0,4.0,4.0, ,4.0,4.0,3.0,4.0,4.0, ,4.0,3.0,4.0,4.0,4.0, ,4.0,4.0,4.0,4.0, ,4.0,4.0,4.0,4.0,4.0, ,4.0,4.0,4.0,4.0,4.0,4.0, ,4.0,4.0,4.0,4.0,4.0, ,4.25,3.777777778,3.8,4,3.8,3.8,4,4,4,4,3.936419753,192
318,1,1,5,78, ,1,2,4, ,4.0,4.0,4.0,4.0,Every student is not driving or having own car so there should be some source of connection to different departments in winter like I never knew about underground tunnels before to walk through in winter. Also bus service should be provided for all students whether the course is on campus or off campus. Orientation should be common for all new comers giving complete info on infra structure of campus.,4.0,4.0,4.0,4.0,4.0,4.0,4.0,4.0,4.0,Faculty members all are not the same. On campus and off campus students do face some problems. My courses are online and I never get chance to see instructors having so many doubts to clear about the content assignments as emails the only source is not sufficient. Being new to the place its extremely tough to gather information without guidance of proper instructions. I have struggled with my course to find all details as instructor was new and sessional. For online courses at least some way of approach meeting should be provided.,4.0,4.0,4.0,4.0,4.0,Instead of emails face to face contact with instructors or faculty members work better as on phone a lot of time and patience is required to be on hold.,4.0,3.0,4.0,4.0,4.0,University is best but some faculty members not all should be supportive and provide equality for all students inspite being so busy in their schedule.,4.0,4.0,2.0,4.0,4.0,Though online courses do not require you to visit campus but still health insurance should be provided for all students. I didn't get it though in my email it was mentioned you will be provided with dental and health insurance because of my online study. Its not fair.,4.0,3.0,2.0,4.0,4.0,Happy with other services at the University.,4.0,3.0,4.0,4.0,Curriculum is well planned but it should be provided to students in advance not a day before your course starts. The assignments included are too many one in each week.,3.0,4.0,4.0,4.0,4.0,Not all the instructors provide opportunities to ask questions or provide details on the course materials. Some of them are new who don't have much idea about online courses  and esp language instructors make students struggle more.,5.0,4.0,4.0,4.0,2.0,4.0,The fee structure for online and on campus is approx.same. Online programs should be charged less fee as students are not visiting the campus or getting any other benefits.,4.0,4.0,4.0,4.0,4.0,Overall. I have struggled and learned many things on my own. Happy about association what all students have formed on our country celebrating all festivals. Some discount other facilities should be available for disabled students whether its Canadian or International. More scholarships or educational loan facility should be available for International students..,4,4,4,3.8,3.6,3.4,3.75,3.8,3.833333333,4,3.798148148,78
332,1,2,5,60, ,3,2,4, ,4.0,4.0,4.0,4.0, ,4.0,4.0,4.0,4.0,4.0,2.0,4.0,4.0,4.0, ,3.0,4.0,3.0,4.0,3.0, ,4.0,4.0,3.0,3.0,4.0, ,4.0,2.0,2.0,3.0,2.0, ,4.0,3.0,2.0,2.0,2.0, ,4.0,4.0,3.0,4.0, ,4.0,4.0,4.0,3.0,4.0, ,4.0,4.0,4.0,4.0,4.0,1.0, ,4.0,4.0,4.0,4.0,2.0, ,4,3.777777778,3.4,3.6,2.6,2.6,3.75,3.8,3.5,3.6,3.447530864,60
333,1,2,1,14, ,1,2,2, ,5.0,4.0,4.0,5.0, ,4.0,4.0,3.0,3.0,3.0,4.0,2.0,2.0,4.0, ,2.0,2.0,3.0,2.0,4.0, ,2.0,4.0,4.0,3.0,2.0, ,5.0,3.0,1.0,4.0,4.0, ,2.0,4.0,4.0,3.0,5.0, ,3.0,4.0,4.0,4.0, ,4.0,4.0,4.0,2.0,1.0, ,2.0,2.0,2.0,4.0,2.0,2.0, ,3.0,3.0,4.0,4.0,4.0, ,4.5,3.222222222,2.6,3,3.4,3.6,3.75,3,2.333333333,3.6,3.267283951,14
340,1,1,4,196,N/A,3,2,4, ,4.0,4.0,4.0,4.0,N/A,4.0,4.0,4.0,4.0,4.0,4.0,4.0,4.0,3.0,N/A,4.0,4.0,4.0,4.0,4.0,N/A,3.0,3.0,4.0,4.0,3.0,N/A,4.0,3.0,2.0,2.0,3.0,N/A,4.0,3.0,2.0,2.0,3.0,N/A,2.0,2.0,4.0,2.0,N/A,2.0,4.0,2.0,3.0,3.0,N/A,4.0,3.0,2.0,2.0,4.0,2.0,N/A,4.0,3.0,4.0,3.0,2.0,N/A,4,3.888888889,4,3.4,2.8,2.8,2.5,2.8,2.833333333,3.2,3.224691358,196
342,1,2,5,192, ,1,4,6, ,5.0,5.0,5.0,5.0, ,5.0,5.0,5.0,5.0,5.0,5.0,5.0,5.0,5.0, ,3.0,4.0,5.0,5.0,5.0, ,5.0,5.0,5.0,5.0,5.0, ,4.0,5.0,5.0,5.0,5.0, ,5.0,4.0,5.0,5.0,5.0, ,4.0,4.0,4.0,5.0, ,4.0,5.0,4.0,5.0,3.0, ,4.0,4.0,4.0,5.0,2.0,5.0, ,5.0,5.0,5.0,5.0,5.0, ,5,5,4.4,5,4.8,4.8,4.25,4.2,4,5,4.605555556,192
347,1,2,3,14, ,3,3,2, ,4.0,5.0,5.0,4.0, ,4.0,4.0,4.0,4.0,4.0,4.0,4.0,3.0,4.0, ,4.0,4.0,4.0,4.0,4.0, ,4.0,3.0,4.0,4.0,4.0, ,4.0,3.0,4.0,3.0,3.0, ,2.0,3.0,4.0,4.0,4.0, ,3.0,4.0,4.0,4.0, ,4.0,4.0,4.0,4.0,4.0, ,3.0,4.0,3.0,4.0,2.0,2.0,"International grad students do not have as much funding opportunities as the PR and citizen-students. This is a big issue, because the tuitions are rising but the funds are not increased.",4.0,4.0,4.0,4.0,4.0, ,4.5,3.888888889,4,3.8,3.4,3.4,3.75,4,3,4,3.748765432,14
349,1,1,3,80, ,3,2,4, ,5.0,4.0,4.0,5.0,The rooms are cold during summer and winter which makes me to carry a jacket around all the time,5.0,4.0,5.0,3.0,4.0,4.0,5.0,5.0,5.0, ,2.0,5.0,3.0,4.0,2.0, ,5.0,2.0,4.0,4.0,4.0, ,2.0,4.0,5.0,4.0,2.0, ,5.0,4.0,3.0,4.0,4.0, ,4.0,5.0,5.0,5.0, ,4.0,5.0,4.0,4.0,5.0, ,5.0,5.0,4.0,5.0,4.0,1.0,the tuition fee is reseasonable compared to other universities across Canada.,3.0,2.0,3.0,4.0,4.0, ,4.5,4.444444444,3.2,3.8,3.4,4,4.75,4.4,4,3.2,4.054938272,80
350,1,2,3,80, ,3,2,2, ,5.0,4.0,4.0,4.0, ,4.0,4.0,4.0,4.0,4.0,4.0,4.0,4.0,4.0, ,4.0,4.0,4.0,4.0,4.0, ,4.0,4.0,4.0,4.0,4.0, ,4.0,4.0,4.0,4.0,4.0, ,4.0,4.0,4.0,4.0,4.0, ,4.0,4.0,4.0,4.0, ,4.0,4.0,4.0,4.0,4.0, ,4.0,4.0,4.0,4.0,4.0,2.0, ,4.0,4.0,4.0,4.0,4.0, ,4.25,4,4,4,4,4,4,4,3.666666667,4,3.990740741,80
351,1,1,5,192, ,3,4,4, ,5.0,5.0,5.0,5.0, ,3.0,5.0,3.0,5.0,3.0,5.0,4.0,5.0,4.0,"During my time, I did not feel the warmth from my department staff. However, every faculty did a great job, especially my co-supervisors. I am so much grateful to their support not only for my program but also for my personal life. In addition, based on my experience, the immigration advisers at ISSAC were enthusiastic to help but their knowledge about immigration policies had not been updated enough to provide sufficient support.",3.0,4.0,5.0,4.0,5.0, ,4.0,5.0,3.0,5.0,3.0, ,4.0,4.0,4.0,5.0,4.0, ,4.0,4.0,4.0,4.0,4.0, ,4.0,4.0,4.0,4.0, ,5.0,5.0,5.0,5.0,5.0, ,4.0,4.0,5.0,5.0,3.0,4.0,"I received tuition bursary from the University. However, the transportation fee was not reasonable when students living two blocks away from the campus were charged.",4.0,4.0,4.0,4.0,4.0, ,5,4.111111111,4.2,4,4.2,4,4,5,4.166666667,4,4.297530864,192
352,1,2,4,14, ,3,2,2, ,4.0,3.0,3.0,3.0, ,3.0,4.0,4.0,3.0,4.0,4.0,3.0,4.0,4.0, ,4.0,4.0,3.0,4.0,4.0, ,3.0,3.0,4.0,4.0,3.0, ,4.0,4.0,3.0,3.0,3.0, ,3.0,3.0,4.0,4.0,4.0, ,3.0,3.0,4.0,4.0, ,3.0,3.0,3.0,3.0,2.0, ,4.0,4.0,3.0,3.0,1.0,2.0, ,3.0,3.0,2.0,2.0,3.0, ,3.25,3.666666667,3.8,3.4,3.4,3.6,3.5,2.8,2.833333333,2.6,3.361111111,14
362,1,2,1,78, ,1,4,2, ,4.0,4.0,4.0,3.0, ,4.0,3.0,3.0,3.0,4.0,4.0,4.0,3.0,3.0, ,4.0,4.0,3.0,4.0,3.0, ,4.0,3.0,4.0,5.0,4.0, ,3.0,4.0,3.0,4.0,4.0, ,4.0,4.0,4.0,4.0,3.0, ,4.0,4.0,3.0,3.0, ,3.0,5.0,4.0,4.0,3.0, ,4.0,5.0,4.0,3.0,1.0,2.0, ,4.0,4.0,4.0,3.0,5.0, ,3.75,3.444444444,3.6,4,3.6,3.8,3.5,3.8,3.166666667,4,3.629012346,78
374,1,1,3,24, ,3,1,1, ,4.0,4.0,2.0,4.0,The library lacks a good space for students to study without interruptions.,4.0,4.0,5.0,2.0,4.0,3.0,3.0,2.0,4.0,I’ve been here for only two months and have heard some stories of students with problems with supervisors and nothing is done and they just have to suck it up and try to finish their program.,3.0,3.0,3.0,1.0,4.0,I have requested some maintenance in my dorm room and have had no response whatsoever.,3.0,4.0,4.0,4.0,4.0, ,4.0,4.0,4.0,4.0,2.0, ,2.0,3.0,4.0,4.0,3.0, ,3.0,3.0,3.0,4.0, ,3.0,3.0,3.0,3.0,3.0,I haven’t taken courses yet.,4.0,3.0,3.0,3.0,2.0,2.0,"I haven’t taken courses yet. Tuition is a bit expensive, in my opinion. There are not many options of scholarship for me.",4.0,4.0,3.0,2.0,3.0,I would do my undergrad all over again here if I didn’t have to pay the tuition.,3.5,3.444444444,2.8,3.8,3.6,3.2,3.25,3,2.833333333,3.2,3.269753086,24
381,1,1,2,37, ,3,2,4, ,3.0,4.0,4.0,3.0, ,4.0,4.0,5.0,4.0,4.0,4.0,4.0,4.0,4.0, ,3.0,4.0,4.0,4.0,4.0, ,3.0,3.0,4.0,4.0,3.0, ,4.0,4.0,3.0,4.0,3.0, ,3.0,3.0,4.0,4.0,4.0, ,3.0,3.0,4.0,4.0, ,4.0,4.0,4.0,4.0,4.0, ,3.0,3.0,3.0,3.0,4.0,2.0, ,4.0,4.0,3.0,3.0,4.0, ,3.5,4.111111111,3.8,3.4,3.6,3.6,3.5,4,3,3.6,3.612345679,37
389,1,1,2,37, ,3,2,13, ,4.0,4.0,2.0,4.0,Libraries opening hours are too short comparing with other universities.,4.0,4.0,4.0,4.0,4.0,4.0,4.0,4.0,4.0, ,4.0,4.0,4.0,4.0,4.0, ,4.0,4.0,4.0,4.0,4.0, ,4.0,4.0,4.0,4.0,4.0, ,4.0,4.0,3.0,4.0,4.0, ,4.0,4.0,4.0,4.0, ,4.0,4.0,4.0,4.0,4.0, ,4.0,4.0,4.0,4.0,3.0,2.0, ,4.0,4.0,4.0,4.0,1.0, ,3.5,4,4,4,4,3.8,4,4,3.5,3.4,3.866666667,37
390,1,2,3,37, ,1,2,2, ,5.0,5.0,4.0,4.0, ,3.0,5.0,4.0,5.0,3.0,5.0,2.0,3.0,3.0, ,4.0,4.0,4.0,3.0,5.0, ,3.0,5.0,4.0,4.0,2.0, ,4.0,4.0,3.0,4.0,4.0, ,4.0,3.0,3.0,4.0,4.0, ,5.0,4.0,4.0,4.0, ,4.0,4.0,4.0,4.0,4.0, ,4.0,4.0,4.0,4.0,4.0,4.0, ,4.0,4.0,4.0,3.0,4.0, ,4.5,3.666666667,4,3.6,3.8,3.6,4.25,4,4,3.8,3.935185185,37
402,1,1,1,37, ,1,4,5, ,5.0,5.0,4.0,4.0, ,4.0,4.0,4.0,4.0,4.0,4.0,4.0,4.0,4.0, ,4.0,4.0,4.0,4.0,4.0, ,4.0,4.0,4.0,4.0,4.0, ,4.0,4.0,4.0,4.0,4.0, ,4.0,4.0,5.0,5.0,4.0, ,4.0,4.0,4.0,4.0, ,4.0,4.0,4.0,4.0,4.0, ,4.0,4.0,4.0,4.0,4.0,4.0, ,4.0,4.0,5.0,4.0,4.0, ,4.5,4,4,4,4,4.4,4,4,4,4.2,4.1,37
415,1,3,1,24, ,1,1,2, ,5.0,4.0,4.0,5.0, ,5.0,5.0,5.0,5.0,5.0,5.0,5.0,4.0,5.0, ,5.0,5.0,5.0,5.0,3.0, ,5.0,5.0,5.0,4.0,5.0, ,5.0,5.0,5.0,5.0,5.0, ,5.0,5.0,5.0,5.0,5.0, ,3.0,3.0,3.0,5.0, ,3.0,3.0,3.0,3.0,3.0, ,5.0,5.0,5.0,4.0,4.0,4.0, ,5.0,5.0,3.0,5.0,5.0, ,4.5,4.888888889,4.6,4.8,5,5,3.5,3,4.5,4.6,4.420987654,24
416,1,1,1,132, ,1,1,8, ,1.0,3.0,4.0,4.0, ,4.0,4.0,4.0,4.0,4.0,4.0,3.0,4.0,4.0, ,3.0,4.0,4.0,4.0,4.0, ,4.0,4.0,4.0,3.0,3.0, ,3.0,4.0,3.0,4.0,4.0, ,4.0,3.0,3.0,4.0,4.0, ,3.0,3.0,4.0,4.0, ,4.0,3.0,3.0,4.0,3.0, ,4.0,4.0,3.0,4.0,4.0,3.0, ,4.0,3.0,3.0,4.0,4.0, ,3,3.888888889,3.8,3.6,3.6,3.6,3.5,3.4,3.666666667,3.6,3.561728395,132
420,1,2,2,100, ,1,1,2, ,5.0,5.0,5.0,1.0, ,2.0,2.0,2.0,3.0,5.0,1.0,5.0,3.0,3.0, ,1.0,5.0,5.0,5.0,5.0, ,5.0,1.0,3.0,3.0,1.0, ,2.0,4.0,1.0,1.0,5.0, ,3.0,3.0,3.0,3.0,3.0, ,1.0,1.0,5.0,5.0, ,1.0,5.0,5.0,1.0,1.0, ,5.0,1.0,1.0,1.0,1.0,5.0, ,1.0,5.0,5.0,1.0,1.0, ,4,2.888888889,4.2,2.6,2.6,3,3,2.6,2.333333333,2.6,3.024691358,100
430,1,2,2,38, ,3,1,17, ,5.0,4.0,4.0,4.0, ,4.0,3.0,4.0,4.0,3.0,4.0,4.0,4.0,4.0, ,3.0,3.0,3.0,4.0,4.0, ,5.0,4.0,4.0,4.0,4.0, ,5.0,3.0,3.0,4.0,2.0, ,4.0,4.0,2.0,3.0,4.0, ,4.0,4.0,4.0,4.0, ,5.0,4.0,4.0,4.0,5.0, ,4.0,4.0,4.0,4.0,2.0,1.0, ,4.0,5.0,4.0,4.0,4.0, ,4.25,3.777777778,3.4,4.2,3.4,3.4,4,4.4,3.166666667,4.2,3.777160494,38
433,1,2,4,78, ,3,5,6, ,5.0,4.0,5.0,5.0, ,4.0,5.0,4.0,4.0,4.0,5.0,5.0,4.0,4.0, ,4.0,4.0,4.0,4.0,5.0, ,5.0,5.0,5.0,5.0,5.0, ,4.0,4.0,4.0,4.0,4.0, ,4.0,4.0,4.0,4.0,4.0, ,4.0,4.0,4.0,4.0, ,4.0,4.0,4.0,4.0,4.0, ,4.0,4.0,4.0,4.0,4.0,4.0, ,4.0,4.0,4.0,4.0,4.0, ,4.75,4.333333333,4.2,5,4,4,4,4,4,4,4.253703704,78
435,1,2,3,14, ,3,1,2, ,5.0,5.0,5.0,5.0, ,5.0,5.0,5.0,5.0,5.0,5.0,5.0,5.0,5.0, ,4.0,5.0,5.0,5.0,4.0, ,4.0,4.0,5.0,4.0,4.0, ,4.0,4.0,4.0,5.0,4.0, ,5.0,4.0,4.0,4.0,4.0, ,5.0,5.0,5.0,5.0, ,5.0,5.0,5.0,5.0,5.0, ,5.0,5.0,5.0,5.0,4.0,4.0, ,4.0,4.0,4.0,4.0,4.0, ,5,5,4.6,4.2,4.2,4.2,5,5,4.666666667,4,4.651851852,14
436,1,1,4,85, ,3,3,4, ,4.0,3.0,4.0,4.0, ,4.0,2.0,3.0,3.0,2.0,1.0,3.0,3.0,4.0, ,2.0,3.0,3.0,4.0,3.0, ,3.0,2.0,4.0,3.0,3.0, ,4.0,3.0,4.0,4.0,4.0, ,4.0,2.0,2.0,2.0,4.0, ,3.0,2.0,3.0,3.0, ,4.0,3.0,2.0,3.0,2.0, ,4.0,5.0,2.0,3.0,1.0,1.0, ,3.0,3.0,2.0,3.0,2.0, ,3.75,2.777777778,3,3,3.8,2.8,2.75,2.8,2.666666667,2.6,3.038271605,85
437,1,2,4,192, ,3,5,11, ,4.0,4.0,4.0,4.0, ,4.0,4.0,4.0,4.0,4.0,4.0,4.0,2.0,1.0, ,1.0,3.0,4.0,4.0,4.0, ,4.0,4.0,4.0,4.0,4.0, ,4.0,4.0,4.0,4.0,4.0, ,4.0,4.0,4.0,4.0,4.0, ,4.0,4.0,4.0,4.0, ,4.0,4.0,4.0,4.0,4.0, ,4.0,4.0,4.0,4.0,4.0,4.0, ,4.0,4.0,4.0,4.0,4.0, ,4,3.444444444,3.2,4,4,4,4,4,4,4,3.849382716,192
438,1,1,2,78, ,1,3,2, ,5.0,5.0,5.0,5.0, ,5.0,5.0,5.0,5.0,5.0,5.0,5.0,5.0,5.0, ,5.0,5.0,5.0,5.0,5.0, ,5.0,5.0,5.0,5.0,5.0, ,5.0,5.0,5.0,5.0,5.0, ,5.0,5.0,5.0,5.0,5.0, ,5.0,5.0,3.0,5.0, ,5.0,5.0,5.0,5.0,4.0, ,5.0,5.0,5.0,5.0,4.0,3.0, ,5.0,5.0,5.0,4.0,5.0, ,5,5,5,5,5,5,4.5,4.8,4.5,4.8,4.866666667,78
439,1,1,2,195, ,3,3,1, ,4.0,4.0,4.0,4.0, ,4.0,4.0,3.0,3.0,3.0,3.0,4.0,3.0,3.0, ,4.0,4.0,4.0,4.0,4.0, ,4.0,4.0,4.0,4.0,4.0, ,4.0,4.0,4.0,3.0,3.0, ,4.0,3.0,3.0,4.0,4.0, ,3.0,3.0,3.0,4.0, ,4.0,4.0,4.0,4.0,4.0, ,4.0,3.0,3.0,3.0,2.0,1.0, ,4.0,4.0,4.0,3.0,3.0, ,4,3.333333333,4,4,3.6,3.6,3.25,4,2.666666667,3.6,3.605555556,195
440,1,2,3,24, ,3,2,11, ,4.0,4.0,5.0,5.0, ,5.0,3.0,4.0,3.0,3.0,3.0,4.0,5.0,4.0, ,4.0,4.0,4.0,4.0,4.0, ,5.0,4.0,4.0,4.0,4.0, ,5.0,3.0,5.0,5.0,5.0, ,4.0,5.0,2.0,3.0,4.0, ,4.0,3.0,1.0,5.0, ,4.0,4.0,4.0,4.0,4.0, ,5.0,5.0,5.0,5.0,4.0,5.0, ,4.0,4.0,4.0,4.0,4.0, ,4.5,3.777777778,4,4.2,4.6,3.6,3.25,4,4.833333333,4,4.084567901,24
442,1,2,4,78, ,1,4,6, ,5.0,5.0,5.0,5.0, ,5.0,4.0,4.0,3.0,5.0,3.0,5.0,5.0,4.0,"Some faculty members (who are naturalized Canadians) do not treat international students (from the same country faculty member was born or once lived) the same as Canadian students. Those faculty members also pass personal comments, in the absence of an effective complaint mechanism, the international student ends up staying silent. In my experience, the University Leadership is over cautious (about taking action against those faculty members) and worries that they will be seen as anti to those faculty members who were not born in Canada, but that is not right. If a faculty member is not adhering to the values of Canada and the University, there should be strict action for that. Many faculty members even end up putting the international students in their basements/ properties as renters, which is another form of exploitation, there must be a strict policy against any direct or indirect financial gains by faculty members from the international students.",3.0,4.0,3.0,5.0,3.0, ,5.0,3.0,5.0,3.0,5.0, ,5.0,4.0,5.0,5.0,5.0, ,5.0,5.0,5.0,5.0,5.0, ,4.0,4.0,4.0,4.0, ,5.0,3.0,4.0,3.0,3.0, ,5.0,5.0,5.0,5.0,5.0,5.0, ,4.0,3.0,4.0,3.0,3.0, ,5,4.222222222,3.6,4.2,4.8,5,4,3.6,5,3.4,4.380246914,78
443,1,2,1,87, ,1,3,2, ,5.0,4.0,5.0,5.0, ,5.0,5.0,4.0,5.0,5.0,3.0,5.0,5.0,4.0, ,5.0,5.0,3.0,5.0,2.0, ,4.0,1.0,5.0,3.0,4.0, ,4.0,3.0,5.0,4.0,2.0, ,4.0,3.0,4.0,3.0,4.0, ,1.0,2.0,2.0,2.0, ,2.0,2.0,3.0,3.0,4.0,"not all instructors have good knowledge of courses, some lack huge amount of experience.",3.0,4.0,2.0,3.0,1.0,2.0,International student fees are insanely high,4.0,3.0,2.0,1.0,4.0, ,4.75,4.555555556,4,3.4,3.6,3.6,1.75,2.8,2.5,2.8,3.439506173,87
445,1,1,2,132, ,3,2,4, ,3.0,4.0,4.0,4.0, ,4.0,4.0,4.0,4.0,4.0,3.0,4.0,3.0,2.0, ,2.0,2.0,2.0,2.0,2.0, ,3.0,3.0,3.0,4.0,3.0, ,1.0,3.0,3.0,1.0,1.0, ,2.0,1.0,1.0,1.0,1.0, ,4.0,3.0,3.0,1.0, ,3.0,3.0,3.0,3.0,3.0, ,1.0,1.0,1.0,1.0,1.0,1.0, ,1.0,1.0,1.0,1.0,1.0, ,3.75,3.555555556,2,3.2,1.8,1.2,2.75,3,1,1,2.472839506,132
449,1,1,2,37, ,3,1,5, ,4.0,5.0,5.0,4.0, ,4.0,5.0,4.0,4.0,3.0,4.0,4.0,5.0,5.0, ,4.0,3.0,3.0,4.0,4.0, ,4.0,4.0,4.0,4.0,4.0, ,5.0,4.0,5.0,5.0,4.0, ,4.0,4.0,4.0,4.0,4.0, ,4.0,4.0,4.0,4.0, ,4.0,4.0,4.0,4.0,4.0, ,5.0,5.0,5.0,5.0,3.0,3.0, ,4.0,4.0,4.0,3.0,3.0, ,4.5,4.222222222,3.6,4,4.6,4,4,4,4.333333333,3.6,4.139506173,37
454,1,1,1,192, ,1,1,1, ,4.0,5.0,5.0,5.0, ,5.0,4.0,4.0,4.0,5.0,3.0,4.0,5.0,5.0, ,4.0,5.0,4.0,4.0,4.0, ,5.0,4.0,5.0,4.0,5.0, ,5.0,4.0,3.0,3.0,3.0, ,3.0,4.0,4.0,4.0,5.0, ,4.0,4.0,4.0,4.0, ,5.0,5.0,5.0,5.0,4.0, ,4.0,5.0,5.0,5.0,3.0,3.0, ,4.0,4.0,4.0,4.0,3.0, ,4.75,4.333333333,4.2,4.6,3.6,4,4,4.8,4.166666667,3.8,4.272222222,192
455,1,2,3,51, ,1,1,19, ,4.0,4.0,3.0,4.0,Library could be bigger with more longes.,5.0,4.0,4.0,4.0,5.0,4.0,4.0,4.0,4.0, ,4.0,4.0,4.0,4.0,4.0, ,4.0,4.0,4.0,4.0,4.0, ,4.0,4.0,3.0,4.0,4.0, ,4.0,4.0,2.0,4.0,4.0, ,4.0,4.0,4.0,3.0, ,4.0,4.0,4.0,4.0,4.0, ,4.0,4.0,4.0,4.0,3.0,3.0, ,4.0,4.0,4.0,4.0,4.0, ,3.75,4.222222222,4,4,3.8,3.6,3.75,4,3.666666667,4,3.865432099,51
460,1,1,1,37, ,1,2,2, ,4.0,4.0,4.0,4.0, ,3.0,3.0,3.0,3.0,3.0,3.0,3.0,3.0,3.0, ,3.0,3.0,3.0,3.0,3.0, ,3.0,3.0,3.0,3.0,3.0, ,3.0,3.0,3.0,3.0,3.0, ,3.0,2.0,3.0,3.0,3.0, ,3.0,3.0,3.0,3.0, ,3.0,3.0,2.0,3.0,3.0, ,3.0,3.0,3.0,3.0,3.0,3.0, ,3.0,3.0,3.0,3.0,3.0, ,4,3,3,3,3,2.8,3,2.8,3,3,3.066666667,37
463,1,1,1,192, ,1,2,6, ,4.0,4.0,4.0,4.0, ,4.0,4.0,3.0,4.0,4.0,4.0,3.0,4.0,4.0, ,2.0,3.0,4.0,2.0,2.0, ,4.0,4.0,4.0,4.0,3.0, ,4.0,4.0,4.0,4.0,4.0, ,4.0,3.0,2.0,4.0,4.0, ,4.0,3.0,3.0,2.0, ,4.0,4.0,4.0,3.0,3.0, ,4.0,4.0,3.0,4.0,2.0,2.0, ,4.0,3.0,3.0,2.0,2.0, ,4,3.777777778,2.6,3.8,4,3.4,3,3.6,3.166666667,2.8,3.482716049,192
465,1,2,1,192, ,1,2,6, ,4.0,5.0,5.0,4.0, ,4.0,4.0,4.0,4.0,4.0,4.0,5.0,4.0,4.0, ,4.0,4.0,4.0,4.0,4.0, ,4.0,4.0,4.0,4.0,4.0, ,4.0,4.0,4.0,4.0,4.0, ,4.0,4.0,4.0,3.0,4.0, ,4.0,4.0,4.0,3.0, ,4.0,4.0,4.0,4.0,5.0, ,4.0,4.0,4.0,4.0,4.0,4.0, ,4.0,5.0,4.0,4.0,4.0, ,4.5,4.111111111,4,4,4,3.8,3.75,4.2,4,4.2,4.040123457,192
473,1,1,1,78, ,1,4,6, ,4.0,4.0,4.0,4.0, ,4.0,4.0,4.0,4.0,4.0,4.0, ,4.0,4.0, ,4.0,4.0,4.0,4.0,4.0, ,4.0,4.0,4.0,4.0,4.0, ,4.0,4.0,4.0,4.0,4.0, ,4.0,4.0,4.0,4.0,4.0, ,4.0,4.0,4.0,4.0, ,4.0,4.0,4.0,4.0,4.0, ,4.0,4.0,4.0,4.0,4.0,3.0, ,4.0,4.0,4.0,4.0,4.0, ,4,4,4,4,4,4,4,4,3.833333333,4,3.981481481,78
478,1,1,5,37, ,3,2,15, ,5.0,5.0,5.0,5.0,I love u of susk,5.0,5.0,5.0,5.0,5.0,5.0,5.0,1.0,1.0, ,5.0,1.0,1.0,5.0,5.0, ,5.0,5.0,5.0,5.0,5.0, ,5.0,5.0,5.0,5.0,5.0, ,5.0,5.0,5.0,5.0,5.0, ,5.0,5.0,5.0,5.0, ,5.0,5.0,5.0,5.0,5.0, ,5.0,5.0,5.0,5.0,5.0,5.0, ,5.0,5.0,5.0,5.0,5.0, ,5,4.111111111,3.4,5,5,5,5,5,5,5,4.72345679,37
481,1,1,1,33, ,1,1,2, ,4.0,4.0, ,4.0, ,4.0,4.0,4.0,4.0,4.0,4.0,4.0,4.0,3.0, ,4.0,3.0,4.0,4.0,4.0, ,4.0,4.0,4.0,4.0,3.0, ,4.0,4.0,4.0,4.0,4.0, ,4.0,3.0,3.0,3.0,4.0, ,4.0,4.0,4.0,4.0, ,4.0,3.0,4.0,4.0,3.0, ,3.0,4.0,4.0,4.0,3.0,4.0, ,3.0,4.0,4.0,4.0,4.0, ,4,3.888888889,3.8,3.8,4,3.4,4,3.6,3.666666667,3.8,3.795061728,33
492,1,2,1,33, ,1,1,4, ,5.0,5.0,5.0,5.0, ,5.0,5.0,5.0,5.0,5.0,5.0,5.0,5.0,5.0, ,5.0,5.0,5.0,5.0,5.0, ,5.0,5.0,5.0,5.0,5.0, ,5.0,5.0,5.0,5.0,5.0, ,5.0,5.0,5.0,5.0,5.0, ,5.0,5.0,5.0,5.0, ,5.0,5.0,5.0,5.0,5.0, ,5.0,5.0,5.0,5.0,5.0,5.0, ,5.0,5.0,5.0,5.0,5.0, ,5,5,5,5,5,5,5,5,5,5,5,33
493,1,1,1,192, ,1,4,2, ,5.0,5.0,4.0,4.0,Free printing,5.0,5.0,5.0,5.0,5.0,5.0,4.0,4.0,5.0, ,5.0,4.0,4.0,4.0,4.0, ,5.0,5.0,5.0,5.0,5.0, ,4.0,3.0,3.0,4.0,4.0, ,1.0,4.0,3.0,5.0,4.0,Operational hours are inconvenient for students because a lot of lectures can go to about 4:30pm,3.0,2.0,4.0,3.0,Materials should be free for students to use,4.0,4.0,3.0,3.0,3.0,I still have not taken any classes yet,3.0,5.0,4.0,4.0,3.0,2.0,"The university should provide more scholarships for international students, higher amount of money if possible",4.0,4.0,3.0,4.0,4.0, ,4.5,4.777777778,4.2,5,3.6,3.4,3,3.4,3.5,3.8,3.930864198,192
497,1,2,1,14, ,1,4,6, ,4.0,4.0,3.0,5.0, ,3.0,3.0,4.0,4.0,4.0,4.0,4.0,4.0,3.0, ,3.0,4.0,4.0,4.0,4.0, ,4.0,4.0,4.0,4.0,4.0, ,4.0,4.0,4.0,4.0,4.0, ,4.0,4.0,4.0,4.0,3.0, ,5.0,3.0,4.0,2.0, ,4.0,4.0,4.0,4.0,4.0, ,4.0,4.0,4.0,4.0,4.0,4.0, ,4.0,4.0,4.0,4.0,4.0, ,4,3.666666667,3.8,4,4,3.8,3.5,4,4,4,3.862962963,14
499,1,1,3,51, ,3,2,2, ,4.0,4.0,4.0,3.0, ,2.0,2.0,3.0,3.0,3.0,3.0,3.0,4.0,3.0, ,3.0,3.0,3.0,3.0,3.0, ,2.0,3.0,3.0,3.0,3.0, ,3.0,3.0,4.0,3.0,3.0, ,3.0,3.0,1.0,1.0,3.0, ,3.0,3.0,3.0,3.0, ,4.0,4.0,4.0,4.0,4.0, ,3.0,3.0,3.0,3.0,3.0,3.0, ,3.0,3.0,3.0,3.0,2.0, ,3.75,2.888888889,3,2.8,3.2,2.2,3,4,3,2.8,3.093209877,51
504,1,2,2,78, ,3,1,6, ,4.0,4.0,5.0,4.0, ,5.0,5.0,5.0,5.0,4.0,4.0,5.0,3.0,4.0, ,5.0,5.0,5.0,5.0,5.0, ,5.0,5.0,5.0,5.0,5.0, ,5.0,5.0,5.0,4.0,4.0, ,5.0,4.0,5.0,4.0,5.0, ,5.0,5.0,5.0,4.0, ,5.0,5.0,5.0,5.0,5.0, ,5.0,5.0,5.0,5.0,5.0,5.0, ,5.0,5.0,5.0,5.0,3.0, ,4.25,4.444444444,5,5,4.6,4.6,4.75,5,5,4.6,4.738271605,78
506,1,2,4,51, ,3,3,6, ,5.0,5.0,5.0,5.0, ,5.0,5.0,5.0,5.0,5.0,5.0,5.0,5.0,3.0, ,4.0,5.0,5.0,5.0,5.0, ,5.0,5.0,4.0,4.0,5.0, ,5.0,5.0,4.0,4.0,3.0, ,3.0,3.0,5.0,5.0,5.0, ,5.0,5.0,5.0,3.0, ,4.0,5.0,5.0,4.0,5.0, ,5.0,5.0,5.0,5.0,4.0,5.0, ,5.0,5.0,5.0,5.0,5.0, ,5,4.777777778,4.8,4.6,4.2,4.2,4.5,4.6,4.833333333,5,4.612345679,51
511,1,2,3,14, ,3,4,2, ,5.0,4.0,4.0,5.0, ,4.0,4.0,4.0,4.0,5.0,5.0,5.0,4.0,4.0, ,4.0,4.0,2.0,2.0,2.0, ,3.0,5.0,4.0,4.0,3.0, ,4.0,5.0,1.0,2.0,2.0, ,3.0,4.0,4.0,4.0,5.0, ,2.0,3.0,4.0,4.0, ,5.0,5.0,5.0,4.0,4.0, ,4.0,3.0,2.0,4.0,1.0,4.0, ,3.0,4.0,4.0,2.0,4.0, ,4.5,4.333333333,2.8,3.8,2.8,4,3.25,4.6,3,3.4,3.675925926,14
512,1,1,2,79, ,3,2,2, ,5.0,5.0,3.0,5.0, ,4.0,5.0,4.0,4.0,4.0,4.0,5.0,5.0,4.0, ,4.0,4.0,4.0,4.0,4.0, ,4.0,4.0,4.0,4.0,4.0, ,2.0,4.0,4.0,5.0,3.0, ,4.0,4.0,4.0,4.0,4.0, ,4.0,4.0,4.0,4.0, ,4.0,4.0,4.0,4.0,4.0, ,4.0,4.0,4.0,4.0,1.0,1.0, ,4.0,4.0,4.0,4.0,2.0, ,4.5,4.333333333,4,4,3.6,4,4,4,3,3.6,3.937037037,79
516,1,2,3,80, ,3,2,6, ,3.0,4.0,4.0,4.0, ,4.0,2.0,2.0,1.0,2.0,2.0,4.0,2.0,3.0, ,2.0,2.0,1.0,2.0,2.0, ,2.0,2.0,3.0,3.0,3.0, ,1.0,3.0,3.0,3.0,1.0, ,4.0,3.0,4.0,5.0,4.0, ,3.0,4.0,4.0,4.0, ,3.0,4.0,4.0,4.0,4.0, ,4.0,3.0,4.0,4.0,4.0,4.0, ,3.0,1.0,2.0,2.0,2.0, ,3.75,2.444444444,1.8,2.6,2.2,4,3.75,3.8,3.833333333,2,3.130864198,80
517,1,2,3,80, ,3,3,2, ,4.0,4.0,4.0,4.0, ,3.0,4.0,4.0,4.0,4.0,4.0,3.0,3.0,3.0, ,4.0,3.0,4.0,4.0,5.0, ,3.0,3.0,4.0,4.0,4.0, ,4.0,3.0,4.0,3.0,4.0, ,3.0,3.0,3.0,3.0,2.0, ,3.0,4.0,3.0,4.0, ,4.0,3.0,4.0,3.0,4.0, ,3.0,4.0,3.0,3.0,2.0,1.0, ,2.0,2.0,3.0,1.0,2.0, ,4,3.555555556,4,3.6,3.6,2.8,3.5,3.6,2.666666667,2,3.480246914,80
518,1,2,5,80, ,3,1,6, ,4.0,4.0,4.0,4.0, ,4.0,4.0,4.0,4.0,3.0,4.0,4.0,3.0,4.0, ,4.0,4.0,4.0,4.0,4.0, ,4.0,4.0,4.0,4.0,4.0, ,4.0,4.0,4.0,4.0,4.0, ,4.0,4.0,4.0,4.0,4.0, ,4.0,4.0,4.0,4.0, ,3.0,3.0,4.0,3.0,3.0, ,4.0,4.0,4.0,4.0,4.0,4.0, ,4.0,4.0,4.0,3.0,4.0, ,4,3.777777778,4,4,4,4,4,3.2,4,3.8,3.886419753,80
519,1,1,2,132, ,3,2,2, ,5.0,5.0,5.0,5.0, ,5.0,5.0,5.0,5.0,5.0,5.0,5.0,3.0,5.0, ,4.0,5.0,5.0,5.0,5.0, ,5.0,5.0,5.0,5.0,5.0, ,5.0,4.0,2.0,3.0,5.0, ,5.0,5.0,5.0,5.0,5.0, ,5.0,5.0,5.0,5.0, ,5.0,5.0,5.0,5.0,5.0, ,5.0,5.0,5.0,5.0,2.0,3.0, ,3.0,3.0,2.0,3.0,3.0, ,5,4.777777778,4.8,5,3.8,5,5,5,4.166666667,2.8,4.727160494,132
522,1,1,2,192, ,3,1,2, ,5.0,4.0,4.0,5.0, ,5.0,5.0,4.0,4.0,5.0,5.0,4.0,5.0,5.0, ,3.0,5.0,5.0,3.0,5.0,One time I email the USSU about the difference in the order of my name but never got a reply,5.0,5.0,4.0,5.0,5.0, ,5.0,3.0,3.0,3.0,3.0,I haven’t experienced these yet,4.0,5.0,4.0,4.0,4.0, ,3.0,3.0,3.0,4.0,"Haven’t started class yet, but the schedule ofthe classes are fine",3.0,3.0,3.0,3.0,3.0,Haven’t started classes yet,5.0,5.0,3.0,4.0,5.0,4.0, ,3.0,3.0,3.0,3.0,3.0, ,4.5,4.666666667,4.2,4.8,3.4,4.2,3.25,3,4.333333333,3,4.038888889,192
523,1,1,1,192, ,1,4,5, ,5.0,5.0,5.0,4.0, ,5.0,5.0,5.0,5.0,5.0,5.0,4.0,3.0,4.0, ,3.0,4.0,4.0,4.0,4.0, ,5.0,5.0,5.0,5.0,5.0, ,4.0,5.0,4.0,5.0,3.0, ,4.0,5.0,5.0,5.0,5.0, ,5.0,3.0,4.0,4.0, ,5.0,5.0,4.0,4.0,4.0, ,4.0,5.0,3.0,4.0,3.0,3.0, ,5.0,5.0,5.0,5.0,4.0, ,4.75,4.555555556,3.8,5,4.2,4.8,4,4.4,3.666666667,4.8,4.352469136,192
525,1,1,3,24, ,3,1,1, ,5.0,5.0,4.0,5.0,I believe that the University could have more self-study areas. The PAWS website usually don't load properly. The wifi of the campus could be better.,5.0,5.0,5.0,5.0,5.0,5.0,5.0,3.0,5.0, ,5.0,5.0,5.0,5.0,5.0, ,5.0,5.0,5.0,5.0,5.0, ,5.0,4.0,4.0,4.0,5.0,I think that university could offer more sports for students.,5.0,5.0,5.0,5.0,5.0, ,5.0,5.0,3.0,5.0, ,3.0,3.0,3.0,3.0,3.0, ,5.0,5.0,5.0,5.0,5.0,5.0, ,5.0,5.0,5.0,5.0,5.0, ,4.75,4.777777778,5,5,4.4,5,4.5,3,5,5,4.60308642,24
526,1,2,1,78, ,1,4,2, ,5.0,5.0,5.0,5.0, ,5.0,5.0,5.0,5.0,5.0,5.0,5.0,5.0,5.0, ,5.0,5.0,5.0,5.0,5.0, ,5.0,5.0,5.0,5.0,5.0, ,5.0,5.0,4.0,4.0,5.0, ,5.0,5.0,5.0,5.0,5.0, ,5.0,5.0,5.0,5.0, ,5.0,5.0,5.0,5.0,5.0, ,5.0,5.0,5.0,5.0,2.0,2.0, ,5.0,5.0,5.0,5.0,5.0, ,5,5,5,5,4.6,5,5,5,4,5,4.844444444,78
527,1,2,1,24, ,1,1,2, ,5.0,4.0,5.0,4.0, ,4.0,4.0,4.0,3.0,4.0,3.0,5.0,3.0,5.0, ,5.0,5.0,4.0,4.0,3.0, ,5.0,4.0,5.0,5.0,4.0, ,5.0,5.0,5.0,5.0,5.0, ,4.0,5.0,5.0,5.0,5.0, ,4.0,5.0,4.0,4.0, ,4.0,5.0,4.0,4.0,3.0, ,5.0,4.0,3.0,5.0,3.0,4.0, ,5.0,5.0,5.0,5.0,5.0, ,4.5,3.888888889,4.2,4.6,5,4.8,4.25,4,4,5,4.359876543,24
528,1,1,2,7, ,3,1,16, ,5.0,4.0,4.0,4.0, ,4.0,4.0,5.0,4.0,4.0,4.0,4.0,4.0,5.0, ,3.0,4.0,4.0,4.0,4.0, ,4.0,4.0,5.0,5.0,3.0, ,5.0,5.0,3.0,3.0,2.0, ,2.0,3.0,4.0,4.0,4.0, ,4.0,4.0,4.0,4.0, ,5.0,5.0,5.0,5.0,5.0, ,4.0,2.0,4.0,4.0,2.0,2.0, ,4.0,4.0,4.0,4.0,3.0, ,4.25,4.222222222,3.8,4.2,3.6,3.4,4,5,3,3.8,3.941358025,7
535,1,2,2,37, ,3,2,2, ,4.0,4.0,5.0,4.0,The university is huge and has tunnels connecting the entire university as a whole which is really impressive.,4.0,4.0,4.0,3.0,4.0,4.0,4.0,4.0,4.0,I would like here to specially thank ISSAC for every event it holds for international students. There I meet a lot of friends.,4.0,4.0,4.0,4.0,4.0, ,4.0,4.0,4.0,4.0,4.0, ,4.0,4.0,4.0,4.0,4.0, ,4.0,4.0,4.0,4.0,4.0, ,3.0,3.0,3.0,3.0,I am a first year grad student. I have not taken a course yet. So I cannot say agree or disagree here.,4.0,4.0,4.0,4.0,4.0, ,4.0,4.0,4.0,4.0,4.0,4.0, ,4.0,3.0,4.0,3.0,4.0, ,4.25,3.888888889,4,4,4,4,3,4,4,3.6,3.904320988,37
536,1,1,1,37, ,3,2,4, ,5.0,4.0,4.0,4.0, ,4.0,4.0,4.0,4.0,4.0,4.0,4.0,4.0,4.0, ,4.0,4.0,4.0,4.0,4.0, ,5.0,5.0,4.0,4.0,4.0, ,4.0,4.0,4.0,4.0,4.0, ,4.0,4.0,4.0,4.0,4.0, ,4.0,4.0,4.0,3.0, ,4.0,4.0,4.0,4.0,4.0, ,4.0,5.0,4.0,4.0,4.0,4.0, ,5.0,5.0,5.0,5.0,4.0, ,4.25,4,4,4.4,4,4,3.75,4,4.166666667,4.8,4.062962963,37
538,1,2,2,37, ,1,2,2, ,4.0,5.0,4.0,4.0, ,4.0,4.0,4.0,3.0,5.0,4.0,4.0,4.0,3.0, ,4.0,4.0,4.0,4.0,4.0, ,4.0,4.0,5.0,5.0,4.0, ,3.0,5.0,3.0,4.0,3.0, ,2.0,3.0,4.0,4.0,4.0, ,4.0,4.0,5.0,3.0, ,5.0,4.0,4.0,3.0,3.0, ,5.0,4.0,5.0,4.0,3.0,4.0, ,4.0,2.0,4.0,2.0,4.0,"well, i love the quality and profs in the university, but i wouldn't recommend it to my friends and family members nor enroll it again, cause",4.25,3.888888889,4,4.4,3.6,3.4,4,3.8,4.166666667,3.2,3.945061728,37
539,1,1,2,112, ,3,1,7, ,4.0,5.0,5.0,5.0, ,5.0,5.0,5.0,5.0,4.0,4.0,4.0,3.0,4.0, ,5.0,5.0,5.0,5.0,5.0, ,5.0,5.0,4.0,4.0,5.0, ,4.0,5.0,4.0,5.0,5.0, ,5.0,5.0,4.0,5.0,5.0, ,4.0,4.0,5.0,5.0, ,5.0,5.0,4.0,4.0,5.0, ,5.0,5.0,5.0,5.0,3.0,4.0, ,5.0,5.0,5.0,4.0,3.0, ,4.75,4.333333333,5,4.6,4.6,4.8,4.5,4.6,4.5,4.4,4.631481481,112
540,1,1,1,140, ,1,3,2, ,5.0,5.0,5.0,4.0,"I think we should be able to have access to the Blackboard system via the Usask App. The platform is not designed for smartphones. And the University should set up a platform where we can load the files we want to print from any computer/phone, and then we present our student card and the printer recognize it and print what we previously loaded on the site. These are the only improvements Usask need, in my opinion.",5.0,5.0,5.0,5.0,5.0,5.0,5.0,3.0,5.0, ,5.0,5.0,5.0,5.0,5.0, ,5.0,5.0,5.0,5.0,5.0, ,5.0,5.0,3.0,5.0,5.0, ,3.0,5.0,5.0,5.0,5.0, ,5.0,5.0,3.0,5.0,I have never done any assessment yet so I can't tell.,5.0,5.0,5.0,5.0,5.0, ,5.0,5.0,5.0,5.0,3.0,3.0,"I don't pay tuition because I'm an exchange student, so I can't tell.",5.0,5.0,5.0,5.0,3.0, ,4.75,4.777777778,5,5,4.6,4.6,4.5,5,4.333333333,4.6,4.729012346,140
542,1,1,2,80, ,1,2,5, ,4.0,5.0,4.0,5.0,The amount of scholarship given to international student is negligible and that would cause a huge problem for us students no being treated as a member of this community,4.0,4.0,3.0,3.0,5.0,4.0,5.0,4.0,4.0, ,3.0,4.0,4.0,4.0,5.0, ,4.0,4.0,4.0,4.0,3.0, ,5.0,5.0,4.0,3.0,4.0, ,3.0,3.0,3.0,4.0,4.0, ,4.0,4.0,4.0,4.0, ,4.0,5.0,4.0,5.0,3.0, ,4.0,4.0,4.0,4.0,1.0,1.0,Again need to be mentioned the scholarship opportunities is disappointing.,3.0,4.0,3.0,3.0,3.0, ,4.5,4,4,3.8,4.2,3.4,4,4.2,3,3.2,3.9,80
548,1,2,1,127, ,1,1,6, ,5.0,5.0,4.0,5.0, ,4.0,4.0,4.0,4.0,3.0,3.0,4.0,3.0,4.0, ,3.0,4.0,4.0,5.0,5.0, ,5.0,5.0,5.0,5.0,4.0, ,2.0,3.0,3.0,4.0,4.0, ,4.0,3.0,5.0,4.0,4.0, ,4.0,4.0,4.0,4.0, ,4.0,5.0,4.0,4.0,3.0, ,4.0,3.0,3.0,4.0,3.0,2.0, ,4.0,5.0,5.0,4.0,4.0, ,4.75,3.666666667,4.2,4.8,3.2,4,4,4,3.166666667,4.4,3.975925926,127
551,1,2,3,78, ,3,2,6, ,5.0,5.0,5.0,4.0, ,5.0,5.0,5.0,5.0,5.0,5.0,4.0,5.0,5.0, ,4.0,4.0,5.0,4.0,5.0, ,5.0,5.0,5.0,5.0,4.0, ,4.0,5.0,4.0,5.0,4.0, ,5.0,5.0,5.0,5.0,5.0, ,5.0,5.0,5.0,4.0, ,5.0,5.0,5.0,5.0,5.0, ,4.0,3.0,5.0,5.0,4.0,4.0, ,5.0,5.0,5.0,5.0,4.0, ,4.75,4.888888889,4.4,4.8,4.4,5,4.75,5,4.166666667,4.8,4.683950617,78
553,1,1,2,123, ,3,1,20,Here as a VRS - dep of History,5.0,4.0,5.0,4.0, ,5.0,5.0,4.0,4.0,5.0,5.0,3.0,3.0,3.0,"I have not used the last three services as of yet, hence my neutral answer",4.0,5.0,5.0,4.0,4.0, ,5.0,5.0,5.0,5.0,4.0, ,4.0,4.0,3.0,4.0,4.0,"Since I'm a VRS, I cannot use any of the health care services, and thus have no idea about the quality of them.",5.0,3.0,4.0,5.0,4.0, ,3.0,3.0,3.0,3.0,"I am not taking any courses here, so neutral for all of these.",3.0,3.0,3.0,3.0,3.0,I am not taking any courses and thus have no opinion on these.,4.0,5.0,3.0,3.0,4.0,4.0, ,4.0,4.0,5.0,5.0,3.0, ,4.5,4.111111111,4.4,4.8,3.8,4.2,3,3,3.833333333,4.2,3.960493827,123
555,1,2,1,33, ,1,3,4, ,5.0,2.0,4.0,4.0, ,5.0,4.0,3.0,5.0,4.0,3.0,4.0,3.0,4.0, ,4.0,4.0,4.0,4.0,5.0, ,5.0,3.0,5.0,5.0,5.0, ,5.0,4.0,5.0,5.0,5.0, ,2.0,4.0,3.0,3.0,4.0, ,5.0,3.0,4.0,1.0, ,4.0,5.0,3.0,3.0,4.0, ,2.0,5.0,4.0,5.0,2.0,5.0, ,4.0,5.0,5.0,4.0,3.0, ,3.75,3.888888889,4.2,4.6,4.8,3.2,3.25,3.8,3.833333333,4.2,3.924691358,33
558,1,2,5,58, ,3,4,13, ,5.0,5.0,5.0,5.0, ,5.0,5.0,5.0,5.0,5.0,5.0,5.0,5.0,5.0, ,5.0,5.0,5.0,5.0,5.0, ,5.0,5.0,5.0,5.0,5.0, ,5.0,5.0,5.0,5.0,5.0, ,5.0,5.0,5.0,5.0,5.0, ,5.0,5.0,5.0,5.0, ,5.0,5.0,5.0,5.0,5.0, ,5.0,5.0,5.0,5.0,4.0,4.0, ,5.0,5.0,5.0,5.0,5.0, ,5,5,5,5,5,5,5,5,4.666666667,5,4.962962963,58
559,1,2,2,37, ,1,4,2, ,4.0,5.0,5.0,5.0, ,5.0,5.0,5.0,5.0,5.0,5.0,5.0,5.0,5.0, ,3.0,4.0,5.0,5.0,5.0, ,5.0,5.0,5.0,5.0,5.0, ,5.0,5.0,5.0,5.0,5.0, ,4.0,5.0,5.0,3.0,5.0, ,3.0,4.0,4.0,2.0,"Cross-major courses are usually somewhat conflicting, either it is class time overlap or awkward lab time. I understand there are limited resources and accommodate all kinds of needs, but it is not that good at this time.",5.0,4.0,5.0,5.0,5.0, ,5.0,5.0,5.0,5.0,4.0,3.0, ,5.0,5.0,5.0,5.0,3.0,"I don't think ""brand name reputation"" will affect much on education quality directly, but it would probably improve ""student quality"" though.",4.75,5,4.4,5,5,4.4,3.25,4.8,4.5,4.6,4.566666667,37
560,1,2,5,80, ,3,5,2, ,5.0,5.0,5.0,5.0, ,4.0,5.0,5.0,5.0,5.0,5.0,4.0,5.0,4.0, ,4.0,4.0,4.0,4.0,4.0, ,5.0,5.0,5.0,5.0,5.0, ,5.0,5.0,5.0,5.0,4.0, ,4.0,4.0,4.0,4.0,4.0, ,4.0,5.0,4.0,5.0, ,5.0,5.0,5.0,5.0,5.0, ,5.0,5.0,5.0,5.0,3.0,4.0, ,5.0,5.0,5.0,5.0,5.0, ,5,4.666666667,4,5,4.8,4,4.5,5,4.5,5,4.607407407,80
561,1,1,4,112, ,3,2,7, ,5.0,4.0,4.0,3.0,"I would like to have more spaces for meals in winter time. Personally, I do not like people eat at the Library, but also we dont have enough spaces in winter time for lunch",4.0,4.0,4.0,4.0,4.0,4.0,3.0,3.0,5.0,Internationa Student Service is in my experience the office that helps the most. Sometimes U of S staff is not the most excited people so I go to ISSAC.,2.0,3.0,4.0,5.0,5.0, ,4.0,4.0,3.0,4.0,3.0,"I like the support at the library and ISSAC; however, I am not really sure about the rest",5.0,5.0,3.0,4.0,4.0,"Health care services is sometimes not enough, appointments take a lot of time, and even doctors are always under rush.",3.0,4.0,2.0,4.0,3.0, ,3.0,2.0,2.0,4.0,I feel some information provide by instructors is too basic,4.0,3.0,3.0,4.0,3.0,"They can be more helpful with international students, I dont want to say that be different with us. Just provide a little bit more feedback",4.0,3.0,2.0,4.0,3.0,2.0, ,4.0,4.0,4.0,4.0,3.0, ,4,3.888888889,3.8,3.6,4.2,3.2,2.75,3.4,3,3.8,3.537654321,112
563,1,1,3,192, ,3,3,4, ,4.0,4.0,4.0,4.0, ,3.0,3.0,3.0,3.0,4.0,4.0,4.0,3.0,4.0, ,3.0,4.0,4.0,4.0,4.0, ,3.0,3.0,3.0,3.0,3.0, ,3.0,3.0,4.0,3.0,3.0, ,3.0,2.0,3.0,4.0,3.0, ,3.0,2.0,2.0,2.0, ,4.0,4.0,3.0,3.0,4.0, ,3.0,3.0,2.0,3.0,3.0,2.0, ,4.0,4.0,4.0,3.0,3.0, ,4,3.444444444,3.8,3,3.2,3,2.25,3.6,2.666666667,3.6,3.217901235,192
565,1,1,2,112, ,3,2,1, ,4.0,4.0,5.0,5.0, ,5.0,4.0,4.0,4.0,4.0,4.0,4.0,4.0,3.0, ,4.0,4.0,4.0,4.0,4.0, ,4.0,4.0,5.0,5.0,4.0, ,5.0,5.0,5.0,4.0,4.0, ,5.0,4.0,4.0,5.0,5.0, ,4.0,4.0,4.0,5.0, ,5.0,5.0,5.0,5.0,5.0, ,4.0,5.0,4.0,4.0,4.0,3.0, ,4.0,4.0,4.0,4.0,4.0, ,4.5,4,4,4.4,4.6,4.6,4.25,5,4,4,4.372222222,112
571,1,1,1,192, ,1,1,5, ,3.0,3.0,4.0,3.0, ,3.0,3.0,3.0,3.0,3.0,3.0,3.0,3.0,3.0, ,3.0,3.0,3.0,3.0,3.0, ,3.0,3.0,3.0,3.0,3.0, ,3.0,3.0,3.0,3.0,3.0, ,3.0,3.0,3.0,3.0,3.0, ,3.0,3.0,3.0,3.0, ,3.0,3.0,3.0,3.0,3.0, ,3.0,3.0,3.0,3.0,3.0,3.0, ,3.0,3.0,3.0,4.0,3.0, ,3.25,3,3,3,3,3,3,3,3,3.2,3.027777778,192
572,1,1,2,37, ,3,2,4, ,5.0,5.0,5.0,5.0, ,5.0,5.0,5.0,5.0,5.0,5.0,5.0,5.0,5.0, ,5.0,5.0,4.0,4.0,5.0, ,5.0,5.0,5.0,5.0,5.0, ,5.0,5.0,5.0,5.0,5.0, ,5.0,5.0,5.0,3.0,5.0, ,5.0,5.0,5.0,5.0, ,5.0,5.0,5.0,5.0,5.0, ,5.0,5.0,5.0,5.0,5.0,3.0, ,5.0,5.0,5.0,5.0,5.0, ,5,5,4.6,5,5,4.6,5,5,4.666666667,5,4.874074074,37
573,1,1,4,38, ,3,2,4, ,5.0,5.0,5.0,5.0, ,4.0,4.0,4.0,4.0,4.0,4.0,4.0,5.0,5.0, ,3.0,4.0,4.0,4.0,4.0, ,4.0,4.0,5.0,5.0,5.0, ,5.0,5.0,5.0,5.0,4.0, ,5.0,4.0,4.0,4.0,4.0, ,4.0,4.0,4.0,4.0,Some professors do not provide feedback. They just give you a grade with no explanation or feedback attached to it. I find this lazy and unprofessional.,5.0,5.0,4.0,4.0,3.0,"As I mentioned before, not getting feedback from some of my professors was a disappointment.",5.0,4.0,4.0,5.0,5.0,2.0,I never heard of a scholarship for international students.,4.0,4.0,4.0,4.0,3.0, ,5,4.222222222,3.8,4.6,4.8,4.2,4,4.2,4.166666667,3.8,4.332098765,38
583,1,2,3,37, ,3,2,6, ,1.0,1.0,1.0,1.0, ,5.0,5.0,5.0,5.0,5.0,5.0,5.0,5.0,5.0, ,5.0,5.0,5.0,5.0,5.0, ,5.0,5.0,5.0,5.0,5.0, ,5.0,5.0,4.0,5.0,5.0, ,5.0,4.0,5.0,5.0,5.0, ,5.0,5.0,5.0,5.0, ,5.0,5.0,5.0,5.0,5.0, ,5.0,5.0,5.0,5.0,5.0,5.0, ,5.0,5.0,5.0,5.0,5.0, ,1,5,5,5,4.8,4.8,5,5,5,5,4.511111111,37
584,1,1,3,37, ,1,2,2, ,5.0,4.0,4.0,3.0,Mceown Park buildings- Seager Wheeler Wollanston hall- are too old and unsafety. The elevator is frequently stucked.,4.0,4.0,4.0,4.0,4.0,4.0,3.0,3.0,3.0,"Staff and faculties are friendly and often resourceful. However, ISSAC office does not deliver useful immigrantion information (study permit etc) just general. I have to google by myself.",4.0,4.0,4.0,2.0,3.0,I had to wait more than 6 months to get the letter of offer while UBC or other colleges just 1-2months.,4.0,4.0,4.0,4.0,4.0, ,3.0,4.0,4.0,4.0,3.0, ,3.0,2.0,4.0,4.0,4.0, ,4.0,4.0,4.0,4.0, ,4.0,4.0,4.0,4.0,4.0, ,3.0,4.0,4.0,4.0,3.0,1.0,"First, there are not much scholarship and funding for international students. Even there are not much research opportunities for us. Second, there are not much online courses in the Usask. I prefer the live streaming courses like Udemy/ Khan Acedmy. The current courses are just web based, instead of interecting with the classmate and lecture in the real time, I just read the articles and write the online post that make me feel wasting my money and time. I come to Canada to study with the lecturer not via computer.",4.0,4.0,4.0,4.0,4.0, ,4,3.666666667,3.4,4,3.6,3.4,4,4,3.166666667,4,3.692592593,37
585,1,2,2,37, ,3,1,4, ,4.0,5.0,5.0,4.0, ,4.0,5.0,5.0,4.0,4.0,5.0,5.0,4.0,5.0, ,4.0,4.0,4.0,4.0,4.0, ,4.0,4.0,4.0,4.0,5.0, ,3.0,4.0,4.0,3.0,4.0, ,4.0,4.0,4.0,3.0,4.0, ,4.0,4.0,4.0,4.0, ,5.0,5.0,4.0,4.0,4.0, ,4.0,5.0,4.0,4.0,4.0,3.0, ,4.0,4.0,4.0,3.0,3.0, ,4.5,4.555555556,4,4.2,3.6,3.8,4,4.4,4,3.6,4.117283951,37
586,1,1,1,78, ,1,3,2, ,4.0,5.0,4.0,4.0, ,2.0,2.0,2.0,2.0,2.0,1.0,4.0,4.0,4.0, ,4.0,4.0,4.0,4.0,4.0, ,3.0,4.0,4.0,4.0,2.0, ,4.0,4.0,5.0,4.0,4.0, ,1.0,1.0,4.0,2.0,4.0, ,4.0,4.0,4.0,4.0, ,2.0,4.0,2.0,3.0,4.0, ,4.0,4.0,4.0,5.0,5.0,5.0, ,4.0,4.0,4.0,3.0,4.0, ,4.25,2.555555556,4,3.4,4.2,2.4,4,3,4.5,3.8,3.589506173,78
587,1,2,4,192, ,1,3,2, ,5.0,5.0,5.0,5.0, ,5.0,5.0,5.0,5.0,5.0,5.0,5.0,5.0,5.0, ,5.0,5.0,5.0,5.0,5.0, ,5.0,5.0,5.0,5.0,5.0, ,5.0,5.0,3.0,5.0,5.0, ,3.0,3.0,5.0,5.0,5.0, ,5.0,5.0,5.0,2.0,Uni should provide more evening course/degree to support student with full-time day job,5.0,5.0,5.0,5.0,5.0, ,5.0,5.0,5.0,5.0,5.0,5.0, ,5.0,5.0,5.0,5.0,5.0, ,5,5,5,5,4.6,4.2,4.25,5,5,5,4.783333333,192
588,1,1,2,78, ,3,1,12, ,5.0,5.0,5.0,4.0,There are a lot of events that pass by without any knowledge. Some of the events and workshops get missed due to class hours.,4.0,4.0,4.0,4.0,3.0,3.0,5.0,3.0,5.0,"Although the faculty and staff are reliable, new international students still tend to get lost or overwhelmed in the work and sometimes are unable to guide themselves or be guided properly,",4.0,3.0,4.0,5.0,5.0,"It is a strong and smoothly running system, addressing problems and issues timely, with immediate and effective solutions.",3.0,5.0,5.0,5.0,5.0,I haven't been exposed much to the staff or administrators here.,3.0,4.0,2.0,4.0,5.0,"Some of the facilities provided are too costly and students like me miss out the opportunity. For eg., I cannot avail services for the bus transit pass along.",4.0,3.0,4.0,4.0,5.0,"I am interested in on-campus student employment opportunities but although I have received guidance, I am still struggling.",4.0,4.0,3.0,4.0, ,5.0,5.0,5.0,5.0,5.0, ,4.0,5.0,3.0,4.0,4.0,1.0, ,4.0,4.0,5.0,5.0,5.0, ,4.75,3.888888889,4.2,4.6,3.6,4,3.75,5,3.5,4.6,4.143209877,78
589,1,1,4,78, ,3,2,16, ,5.0,5.0,5.0,5.0, ,5.0,5.0,5.0,5.0,5.0,5.0,5.0,5.0,5.0, ,5.0,5.0,5.0,5.0,5.0, ,5.0,5.0,5.0,5.0,5.0, ,5.0,5.0,5.0,5.0,5.0, ,5.0,5.0,5.0,5.0,5.0, ,5.0,5.0,4.0,4.0, ,5.0,5.0,5.0,5.0,5.0, ,5.0,5.0,5.0,5.0,4.0,5.0, ,5.0,5.0,5.0,5.0,4.0, ,5,5,5,5,5,5,4.5,5,4.833333333,4.8,4.925925926,78
590,1,1,4,24, ,3,1,13, ,5.0,5.0,5.0,4.0, ,5.0,5.0,5.0,5.0,5.0,5.0,4.0,5.0,5.0, ,3.0,4.0,5.0,4.0,5.0, ,4.0,4.0,5.0,5.0,5.0, ,5.0,5.0,4.0,5.0,4.0, ,4.0,5.0,5.0,5.0,5.0, ,3.0,5.0,5.0,5.0, ,5.0,5.0,5.0,4.0,3.0, ,5.0,5.0,5.0,5.0,2.0,3.0, ,5.0,5.0,5.0,5.0,4.0, ,4.75,4.888888889,4.2,4.6,4.6,4.8,4.5,4.4,4.166666667,4.8,4.545061728,24
591,1,2,2,14, ,3,2,5, ,4.0,4.0,5.0,5.0, ,4.0,4.0,4.0,4.0,4.0,4.0,5.0,4.0,5.0, ,3.0,4.0,4.0,4.0,4.0, ,3.0,4.0,4.0,4.0,3.0, ,4.0,4.0,4.0,4.0,4.0, ,3.0,4.0,4.0,4.0,4.0, ,4.0,4.0,4.0,4.0, ,5.0,5.0,4.0,4.0,4.0, ,4.0,4.0,4.0,4.0,3.0,4.0,"This strange this happened with me that, after registering for the term, i got to know that my tuition has increased compared to the tuition amount stated in the offer letter.",4.0,4.0,4.0,3.0,3.0, ,4.5,4.222222222,3.8,3.6,4,3.8,4,4.4,3.833333333,3.6,4.017283951,14
592,1,1,1,144, ,3,1,7, ,5.0,5.0,5.0,5.0, ,5.0,5.0,5.0,5.0,5.0,5.0,4.0,5.0,5.0, ,5.0,5.0,5.0,5.0,5.0, ,5.0,5.0,5.0,5.0,5.0, ,5.0,5.0,3.0,5.0,5.0, ,5.0,3.0,5.0,3.0,5.0, ,5.0,5.0,5.0,5.0, ,5.0,5.0,5.0,5.0,5.0, ,5.0,5.0,5.0,5.0,5.0,5.0, ,5.0,5.0,5.0,5.0,4.0, ,5,4.888888889,5,5,4.6,4.2,5,5,5,4.8,4.854320988,144
593,1,1,1,33, ,1,1,2, ,5.0,5.0,5.0,5.0, ,5.0,5.0,5.0,5.0,5.0,5.0,5.0,5.0,5.0, ,5.0,5.0,5.0,5.0,5.0, ,5.0,5.0,5.0,5.0,5.0, ,5.0,5.0,5.0,5.0,5.0, ,5.0,5.0,5.0,5.0,5.0, ,5.0,5.0,5.0,5.0, ,5.0,5.0,5.0,5.0,5.0, ,5.0,5.0,5.0,5.0,5.0,5.0, ,5.0,5.0,5.0,5.0,5.0, ,5,5,5,5,5,5,5,5,5,5,5,33
594,1,2,1,37, ,1,2,2, ,4.0,4.0,4.0,4.0, ,4.0,4.0,4.0,4.0,3.0,4.0,4.0,4.0,3.0, ,4.0,4.0,4.0,4.0,4.0, ,4.0,4.0,3.0,4.0,4.0, ,5.0,5.0,4.0,4.0,3.0, ,4.0,4.0,4.0,4.0,4.0, ,3.0,4.0,4.0,4.0, ,4.0,4.0,4.0,4.0,4.0, ,4.0,4.0,4.0,4.0,3.0,3.0, ,3.0,3.0,4.0,2.0,3.0, ,4,3.777777778,4,3.8,4.2,4,3.75,4,3.666666667,3,3.910493827,37
595,1,2,1,196,"United-Kingdom/Canada (dual citizen, U-K origin)",1,4,2, ,5.0,3.0,4.0,4.0,"Some of the servers could stand to be updated to be a little faster, it is all quite satisfactory though.",4.0,4.0,4.0,3.0,4.0,4.0,4.0,3.0,3.0,"Found ISSAC services to be consistent, albeit rather confused, particularly when dealing with east-asian study-abroad attempts",4.0,5.0,4.0,3.0,4.0,"some admins are a little difficult to contact at times, all interactions have nonetheless been positive",4.0,3.0,5.0,4.0,4.0,depends on the faculty member,4.0,4.0,3.0,5.0,4.0,haven't had to use a great deal of health services and thus cannot comment on their objective quality. However the recreational services are exceptional,3.0,3.0,5.0,5.0,4.0,hours are professor-dependant,3.0,3.0,4.0,4.0,"much of this is class/student/professor-dependant, some are excellent, others, not so much",4.0,4.0,3.0,3.0,4.0,"I have always had knowledgeable and intelligent instructors, even those who were not the greatest at transmitting said knowledge",5.0,3.0,4.0,4.0,2.0,3.0,"certain departments could do to be expanded. The fees hurt, more government support of the university is needed",4.0,4.0,4.0,4.0,4.0,"Good, could have used more specialization opportunities for my degree",4,3.666666667,4,4,4,4,3.5,3.6,3.5,4,3.807407407,196
597,1,1,3,144, ,3,3,17, ,4.0,3.0,2.0,3.0,No windows in the offices!,2.0,2.0,2.0,3.0,2.0,3.0,2.0,4.0,1.0, ,3.0,2.0,3.0,2.0,3.0, ,2.0,3.0,2.0,4.0,2.0, ,3.0,2.0,1.0,1.0,2.0,"The PAC gym is very bad - lack of necessary equipment, machines often out of order for a long time, strange gym rules which nobody follows anyway, cannot opt out of paying for it if I'm not using the facility",2.0,1.0,2.0,2.0,2.0, ,4.0,3.0,3.0,2.0, ,4.0,4.0,3.0,2.0,4.0, ,3.0,3.0,3.0,4.0,1.0,1.0,"Lack of scholarships for international students in general, and no opportunities of the scholarships for covering tuition, which are present in other universities - thus, in reality our stipend is almost twice smaller, than the minimum international student stipend in other Canadian universities due to high tuition which we have to pay out of our stipends",1.0,1.0,1.0,1.0,1.0,"Regret that I started the grad school here, financial situation is the biggest problem",3,2.333333333,2.6,2.6,1.8,1.8,3,3.4,2.5,1,2.559259259,144
601,1,1,3,24, ,3,2,1, ,5.0,5.0,5.0,5.0,"Its my first semester here at Saskatoon and I think the University that everybody here - staff, students, Professors- are very friendly to international students, in all different ways.",5.0,5.0,5.0,5.0,5.0,5.0,5.0,5.0,5.0,I had a problem with my landlord and the ISSAC team help me a lot to solve it. Im very grateful.,5.0,5.0,5.0,5.0,5.0, ,5.0,5.0,5.0,5.0,5.0,Im having trainings (online and on-site) and Im so amazed how the University is so prepare to provide everything that a student may need.,5.0,5.0,5.0,5.0,5.0, ,5.0,5.0,5.0,5.0,5.0, ,5.0,5.0,5.0,5.0, ,5.0,5.0,5.0,5.0,5.0,My Professors are expertise in their area and Im very grateful for having this opportunity. They are also very humble and patient.,5.0,5.0,5.0,5.0,5.0,5.0,"Well, Im receiving a scholarship and I can pay the tuition and also pay my rent and everything so I can say that tuition and fees for my course are reasonable and I am very honored to receive a scholarship.",5.0,5.0,5.0,5.0,5.0,"I would recommend the University of Saskatchewan to everyone, Im very glad to be here and it's been an amazing experience.",5,5,5,5,5,5,5,5,5,5,5,24
602,1,1,1,165, ,1,1,2, ,5.0,5.0,5.0,5.0, ,5.0,5.0,5.0,5.0,5.0,5.0,5.0,5.0,5.0, ,3.0,5.0,5.0,5.0,5.0, ,5.0,5.0,5.0,5.0,5.0, ,5.0,5.0,3.0,5.0,5.0, ,4.0,5.0,5.0,5.0,5.0, ,3.0,4.0,3.0,3.0, ,5.0,5.0,5.0,4.0,3.0, ,5.0,3.0,4.0,4.0,3.0,3.0, ,5.0,5.0,5.0,5.0,3.0, ,5,5,4.6,5,4.6,4.8,3.25,4.4,3.666666667,4.6,4.47962963,165
604,1,2,3,127, ,3,1,6, ,5.0,5.0,5.0,4.0, ,5.0,4.0,4.0,4.0,5.0,5.0,5.0,4.0,5.0, ,4.0,5.0,4.0,5.0,4.0, ,5.0,5.0,5.0,4.0,5.0, ,5.0,5.0,4.0,5.0,5.0, ,5.0,4.0,5.0,5.0,5.0, ,4.0,4.0,5.0,5.0, ,5.0,4.0,4.0,3.0,4.0, ,5.0,5.0,5.0,5.0,5.0,5.0, ,5.0,5.0,5.0,5.0,5.0, ,4.75,4.555555556,4.4,4.8,4.8,4.8,4.5,4,5,5,4.622839506,127
607,1,2,1,65, ,1,3,2, ,5.0,5.0,5.0,5.0, ,5.0,5.0,5.0,5.0,5.0,5.0,5.0,5.0,5.0, ,4.0,5.0,5.0,5.0,5.0, ,5.0,5.0,5.0,5.0,5.0, ,5.0,5.0,4.0,5.0,4.0, ,4.0,5.0,4.0,5.0,5.0, ,5.0,4.0,3.0,4.0, ,5.0,5.0,5.0,5.0,5.0, ,4.0,5.0,5.0,3.0,3.0,3.0, ,5.0,5.0,5.0,5.0,5.0, ,5,5,4.8,5,4.6,4.6,4,5,3.833333333,5,4.648148148,65
610,1,2,1,127, ,1,1,6, ,4.0,4.0,4.0,4.0, ,4.0,4.0,4.0,4.0,3.0,3.0,4.0,3.0,4.0, ,3.0,3.0,4.0,4.0,4.0, ,4.0,4.0,4.0,4.0,4.0, ,2.0,3.0,3.0,4.0,4.0, ,4.0,4.0,4.0,3.0,4.0, ,4.0,4.0,4.0,3.0, ,4.0,4.0,4.0,4.0,3.0, ,4.0,4.0,4.0,4.0,3.0,3.0, ,4.0,4.0,4.0,4.0,4.0, ,4,3.666666667,3.6,4,3.2,3.8,3.75,3.8,3.666666667,4,3.72037037,127
612,1,1,3,192, ,3,4,2, ,5.0,5.0,5.0,5.0, ,4.0,4.0,4.0,4.0,4.0,4.0,4.0,5.0,5.0, ,4.0,4.0,4.0,4.0,4.0, ,4.0,4.0,4.0,4.0,4.0, ,4.0,4.0,3.0,3.0,4.0, ,4.0,4.0,4.0,4.0,4.0, ,4.0,3.0,4.0,4.0, ,4.0,4.0,4.0,4.0,4.0, ,4.0,4.0,4.0,4.0,4.0,4.0, ,4.0,4.0,4.0,3.0,3.0, ,5,4.222222222,4,4,3.6,4,3.75,4,4,3.6,4.063580247,192
613,1,2,1,78, ,1,1,2, ,5.0,5.0,5.0,4.0, ,5.0,4.0,4.0,4.0,5.0,5.0,4.0,4.0,5.0, ,4.0,4.0,5.0,4.0,4.0, ,4.0,4.0,5.0,5.0,4.0, ,4.0,2.0,4.0,4.0,4.0, ,4.0,4.0,5.0,5.0,5.0, ,4.0,4.0,5.0,5.0, ,4.0,4.0,4.0,5.0,5.0, ,4.0,4.0,5.0,5.0,4.0,4.0, ,4.0,5.0,5.0,4.0,4.0, ,4.75,4.444444444,4.2,4.4,3.6,4.6,4.5,4.4,4.333333333,4.4,4.358641975,78
618,1,2,3,80, ,3,1,6, ,4.0,2.0,3.0,4.0, ,3.0,3.0,2.0,2.0,2.0,2.0,3.0,3.0,1.0, ,2.0,3.0,3.0,3.0,3.0, ,3.0,3.0,3.0,2.0,3.0, ,4.0,4.0,4.0,3.0,2.0, ,3.0,2.0,4.0,1.0,1.0, ,4.0,1.0,1.0,4.0, ,1.0,4.0,1.0,1.0,2.0, ,2.0,2.0,2.0,1.0,1.0,2.0, ,1.0,1.0,1.0,1.0,1.0, ,3.25,2.333333333,2.8,2.8,3.4,2.2,2.5,1.8,1.666666667,1,2.527777778,80
620,1,1,2,14, ,3,2,2, ,5.0,4.0,5.0,4.0, ,4.0,5.0,4.0,4.0,4.0,4.0,3.0,3.0,4.0, ,3.0,4.0,4.0,3.0,4.0, ,3.0,5.0,4.0, ,4.0, ,5.0,4.0,3.0,3.0,3.0, ,4.0,3.0,3.0,3.0,3.0, ,3.0,3.0,3.0,3.0, ,5.0,5.0,4.0,4.0,3.0, ,3.0,4.0,3.0,4.0,2.0,4.0, ,3.0,4.0,3.0,3.0,3.0, ,4.5,3.888888889,3.6,4,3.6,3.2,3,4.2,3.333333333,3.2,3.702469136,14
622,1,2,3,80, ,3,1,20,Throvalson building,5.0,5.0,5.0,5.0, ,5.0,4.0,5.0,5.0,5.0,4.0,5.0,5.0,4.0, ,4.0,4.0,4.0,5.0,4.0, ,5.0,4.0,5.0,4.0,5.0, ,4.0,4.0,4.0,5.0,4.0, ,5.0,4.0,5.0,5.0,3.0, ,3.0,4.0,4.0,4.0, ,4.0,4.0,5.0,3.0,3.0, ,4.0,5.0,4.0,5.0,4.0,4.0, ,5.0,5.0,4.0,4.0,2.0, ,5,4.666666667,4.2,4.6,4.2,4.4,3.75,3.8,4.333333333,4,4.327777778,80
623,1,2,4,14, ,3,2,2, ,5.0,5.0,4.0,5.0, ,4.0,4.0,4.0,4.0,4.0,4.0,4.0,5.0,3.0, ,4.0,4.0,4.0,4.0,4.0, ,4.0,4.0,4.0,4.0,3.0, ,4.0,4.0,5.0,4.0,4.0, ,4.0,3.0,4.0,4.0,4.0, ,3.0,4.0,4.0,4.0, ,4.0,4.0,4.0,4.0,4.0, ,4.0,4.0,4.0,4.0,2.0,4.0, ,4.0,4.0,4.0,4.0,3.0, ,4.75,4,4,3.8,4.2,3.8,3.75,4,3.666666667,3.8,3.996296296,14
624,1,2,3,14, ,3,2,2, ,5.0,4.0,3.0,5.0, ,5.0,4.0,5.0,5.0,3.0,3.0,4.0,3.0,3.0, ,4.0,4.0,4.0,4.0,4.0, ,3.0,3.0,4.0,4.0,4.0, ,3.0,4.0,4.0,4.0,4.0, ,3.0,4.0,3.0,4.0,4.0, ,4.0,3.0,4.0,4.0, ,4.0,4.0,4.0,4.0,4.0, ,4.0,4.0,4.0,4.0,4.0,4.0, ,4.0,4.0,4.0,4.0,4.0, ,4.25,3.888888889,4,3.6,3.8,3.6,3.75,4,4,4,3.87654321,14
626,1,1,1,24, ,1,1,2, ,4.0,3.0,5.0,5.0,"Some classes are colder than others, and some may feel very hot at times - suffocating hot.",5.0,4.0,4.0,4.0,5.0,4.0,4.0,3.0,5.0,"ISSAC support staff/administrators care about students, and are very trustworthy and helpful.",3.0,5.0,4.0,4.0,4.0, ,4.0,4.0,5.0,4.0,4.0, ,4.0,5.0,4.0,5.0,4.0, ,3.0,5.0,5.0,5.0,4.0,"Office and access hours tend to be convenient, however, in the case of a weekend or holiday it may be difficult for students to access help when needed. (First weekend + Labor Day after Move-In date was very difficult for new students to access services when needed most)",4.0,4.0,4.0,4.0, ,5.0,5.0,4.0,5.0,4.0, ,5.0,5.0,4.0,4.0,3.0,2.0,Instead of providing a lot of students with small guaranteed entrance scholarships it could be better if the university created bigger scholarships for international students who need it more - not just those with exceptional academic performance (since those are already covered),4.0,4.0,4.0,5.0,3.0,"""Brand name reputation"" is high in Canada but not in other countries",4.25,4.222222222,4,4.2,4.4,4.4,4,4.6,3.833333333,4,4.211728395,24
627,1,1,1,127, ,1,2,12, ,1.0,1.0,1.0,1.0, ,1.0,5.0,5.0,5.0,5.0,5.0,5.0,5.0,5.0, ,5.0,5.0,5.0,5.0,5.0, ,1.0,5.0,5.0,5.0,5.0, ,5.0,5.0,5.0,5.0,5.0, ,5.0,5.0,5.0,5.0,3.0, ,5.0,5.0,5.0,5.0, ,5.0,5.0,5.0,5.0,5.0, ,5.0,5.0,5.0,5.0,5.0,5.0, ,5.0,5.0,5.0,5.0,5.0, ,1,4.555555556,5,4.2,5,4.6,5,5,5,5,4.372839506,127
630,1,1,3,24, ,3,2,6, ,5.0,5.0,5.0,5.0, ,5.0,4.0,5.0,5.0,5.0,5.0,5.0,3.0,5.0, ,2.0,5.0,5.0,5.0,3.0, ,5.0,5.0,5.0,5.0,5.0, ,5.0,5.0,4.0,5.0,3.0, ,3.0,4.0,4.0,5.0,5.0, ,4.0,4.0,5.0,5.0, ,5.0,5.0,4.0,4.0,4.0, ,3.0,4.0,5.0,4.0,4.0,4.0, ,5.0,5.0,5.0,4.0,3.0, ,5,4.666666667,4,5,4.4,4.2,4.5,4.4,4,4.4,4.462962963,24
631,1,2,1,78, ,1,4,2, ,5.0,5.0,4.0,5.0, ,5.0,5.0,5.0,5.0,5.0,5.0,5.0,5.0,5.0, ,4.0,5.0,5.0,5.0,5.0, ,5.0,5.0,5.0,5.0,5.0, ,5.0,5.0,5.0,5.0,5.0, ,5.0,5.0,5.0,5.0,5.0, ,5.0,5.0,5.0,4.0, ,5.0,5.0,5.0,5.0,3.0, ,5.0,5.0,5.0,5.0,3.0,3.0, ,5.0,5.0,5.0,5.0,5.0, ,4.75,5,4.8,5,5,5,4.75,4.6,4.333333333,5,4.803703704,78
633,1,1,3,185, ,3,4,17, ,5.0,5.0,5.0,5.0, ,5.0,5.0,5.0,5.0,5.0,5.0,5.0,3.0,4.0, ,3.0,5.0,5.0,5.0,5.0, ,5.0,5.0,5.0,5.0,5.0, ,5.0,5.0,5.0,5.0,5.0, ,4.0,3.0,3.0,5.0,5.0,Office hours could could be improved to facilitate students who are in calss/need to in office from 8am to 4:30pm a little better.,5.0,5.0,5.0,5.0, ,5.0,5.0,5.0,5.0,5.0, ,5.0,5.0,5.0,5.0,3.0,4.0, ,5.0,5.0,5.0,5.0,5.0, ,5,4.666666667,4.6,5,5,4,5,5,4.5,5,4.751851852,185
635,1,2,2,61, ,4,1,6, ,5.0,5.0,5.0,4.0, ,5.0,5.0,4.0,4.0,4.0,4.0,4.0,4.0,5.0, ,3.0,4.0,4.0,4.0,4.0, ,4.0,4.0,5.0,5.0,4.0, ,4.0,3.0,3.0,5.0,4.0, ,4.0,4.0,4.0,4.0,3.0, ,3.0,4.0,3.0,3.0,"As a visiting research student, I don't have a scheduled for classes.",4.0,4.0,4.0,4.0,3.0, ,4.0,4.0,3.0,4.0,4.0,3.0, ,4.0,5.0,5.0,5.0,4.0, ,4.75,4.333333333,3.8,4.4,3.8,3.8,3.25,3.8,3.666666667,4.6,3.955555556,61
636,1,1,2,37, ,3,1,4, ,4.0,4.0,4.0,5.0, ,4.0,5.0,4.0,4.0,4.0,4.0,4.0,4.0,4.0, ,5.0,5.0,4.0,5.0,5.0, ,4.0,4.0,4.0,4.0,4.0, ,3.0,4.0,4.0,4.0,4.0, ,3.0,4.0,4.0,4.0,4.0, ,4.0,3.0,4.0,3.0, ,4.0,4.0,4.0,4.0,4.0, ,5.0,3.0,4.0,4.0,4.0,4.0, ,5.0,5.0,4.0,4.0,3.0, ,4.25,4.111111111,4.8,4,3.8,3.8,3.5,4,4,4.2,4.029012346,37
637,1,3,1,24, ,1,1,2, ,5.0,5.0,5.0,5.0, ,5.0,5.0,5.0,5.0,5.0,5.0,5.0,3.0,5.0, ,5.0,5.0,5.0,5.0,5.0, ,5.0,5.0,5.0,5.0,5.0, ,5.0,5.0,3.0,5.0,5.0, ,4.0,4.0,5.0,5.0,5.0, ,5.0,5.0,3.0,5.0, ,5.0,5.0,5.0,5.0,5.0, ,5.0,5.0,5.0,5.0,4.0,4.0, ,5.0,5.0,5.0,5.0,5.0, ,5,4.777777778,5,5,4.6,4.6,4.5,5,4.666666667,5,4.79382716,24
640,1,2,3,80, ,3,1,2, ,4.0,5.0,4.0,5.0, ,4.0,4.0,5.0,4.0,4.0,4.0,4.0,4.0,5.0, ,4.0,5.0,5.0,4.0,4.0, ,4.0,4.0,5.0,5.0,4.0, ,4.0,4.0,3.0,3.0,4.0, ,4.0,3.0,5.0,5.0,4.0, ,4.0,5.0,4.0,3.0, ,4.0,5.0,5.0,5.0,4.0, ,4.0,5.0,5.0,5.0,4.0,2.0, ,4.0,4.0,5.0,4.0,3.0, ,4.5,4.222222222,4.4,4.4,3.6,4.2,4,4.6,4.166666667,4,4.232098765,80
644,1,1,3,66, ,1,5,13, ,5.0,4.0,4.0,5.0, ,5.0,4.0,4.0,4.0,4.0,4.0,4.0,5.0,5.0, ,3.0,4.0,4.0,4.0,4.0, ,4.0,4.0,5.0,4.0,4.0, ,5.0,5.0,3.0,4.0,4.0, ,4.0,4.0,4.0,4.0,4.0, ,3.0,4.0,3.0,4.0, ,4.0,4.0,4.0,3.0,3.0, ,4.0,4.0,4.0,4.0,3.0,5.0, ,4.0,4.0,4.0,4.0,4.0, ,4.5,4.333333333,3.8,4.2,4.2,4,3.5,3.6,4,4,4.014814815,66
645,1,2,1,24, ,1,1,2, ,5.0,4.0,4.0,4.0, ,4.0,4.0,2.0,2.0,3.0,3.0,4.0,3.0,4.0, ,2.0,4.0,4.0,4.0,4.0, ,4.0,4.0,4.0,4.0,4.0, ,5.0,2.0,5.0,2.0,3.0, ,3.0,4.0,4.0,4.0,4.0, ,4.0,2.0,3.0,4.0, ,5.0,4.0,4.0,4.0,3.0, ,4.0,4.0,5.0,5.0,1.0,1.0, ,4.0,5.0,5.0,5.0,2.0, ,4.25,3.222222222,3.6,4,3.4,3.8,3.25,4,3.333333333,4.2,3.650617284,24
646,1,1,1,51, ,1,2,1, ,5.0,5.0,5.0,4.0, ,4.0,5.0,2.0,4.0,3.0,3.0,2.0,3.0,4.0, ,4.0,4.0,4.0,4.0,4.0, ,2.0,2.0,4.0,4.0,4.0, ,4.0,5.0,1.0,4.0,4.0, ,4.0,2.0,3.0,4.0,3.0, ,4.0,3.0,2.0,4.0, ,3.0,3.0,3.0,3.0,3.0, ,5.0,4.0,3.0,5.0,1.0,1.0, ,4.0,3.0,4.0,2.0,3.0, ,4.75,3.333333333,4,3.2,3.6,3.2,3.25,3,3.166666667,3.2,3.5,51
650,1,1,2,196,United States,3,1,2, ,4.0,4.0,4.0,4.0, ,5.0,4.0,4.0,4.0,5.0,5.0,4.0,3.0,4.0, ,3.0,4.0,4.0,4.0,4.0, ,4.0,4.0,4.0,4.0,4.0, ,4.0,4.0,4.0,4.0,4.0, ,3.0,4.0,4.0,4.0,4.0, ,4.0,4.0,4.0,4.0, ,5.0,5.0,4.0,4.0,4.0, ,3.0,3.0,3.0,4.0,4.0,4.0, ,4.0,3.0,4.0,4.0,2.0, ,4,4.222222222,3.8,4,4,3.8,4,4.4,3.5,3.4,3.969135802,196
651,1,2,1,51, ,1,2,6, ,1.0,4.0,5.0,4.0, ,4.0,4.0,4.0,4.0,4.0,4.0,4.0,5.0,4.0, ,3.0,4.0,4.0,3.0,3.0, ,4.0,5.0,4.0,4.0,5.0, ,5.0,4.0,3.0,3.0,4.0, ,4.0,4.0,3.0,4.0,4.0, ,4.0,4.0,4.0,4.0, ,4.0,5.0,5.0,4.0,3.0, ,4.0,5.0,5.0,4.0,2.0,3.0, ,4.0,4.0,5.0,4.0,4.0, ,3.5,4.111111111,3.4,4.4,3.8,3.8,4,4.2,3.833333333,4.2,3.89382716,51
